scheme_name,slug,details,benefits,eligibility,application,documents,level,schemeCategory,Unnamed: 9,tags
Aam Aadmi Bima Yojana (Maharashtra),aabym,"The ""Aam Aadmi Bima Yojana"" scheme is implemented by the Social Justice & Special Assistance Department, Government of Maharashtra. This Centrally Sponsored Scheme is aimed at providing insurance and scholarship benefits to landless laborers in rural areas, aged 18 to 59 years. The annual premium for each member is ₹200/-, with 50% of the premium subsidized by the State and Central Governments. The scheme covers all categories of beneficiaries and focuses on providing financial security through insurance and educational scholarships.","Natural Death Benefit: ₹30,000 is payable to the nominee in case of natural death before the terminal date. Accidental Death Benefit: ₹75,000 is payable to the nominee in case of death due to an accident. Permanent Total Disability (Accident): ₹75,000 is provided in case of permanent total disability caused by an accident. Loss of Two Eyes or Two Limbs (Accident): ₹75,000 is payable in case of loss of two eyes or two limbs in an accident. Loss of One Eye or One Limb (Accident): ₹37,500 is payable in case of loss of one eye or one limb in an accident. Scholarship Benefit: ₹100 per month is given as a scholarship to children of the insured studying in 9th to 12th standards. The scholarship is available for a maximum of two children per family.",The applicant should be a resident of Maharashtra. The applicant's age should be between 18 and 59 years. The applicant must be a landless labourer. The applicant should be residing in a rural area. The applicant's family should not own any agricultural land. The applicant should not be covered under any other similar insurance scheme.,"Step 1: The interested applicant should visit (during office hours) the Office of the Collector/Tahsildar/Talathi  and request a hard copy of the prescribed format of the application form from the concerned authority. Step 2: In the application form, fill in all the mandatory fields, paste the passport-sized photograph (signed across, if required), and attach copies of all the mandatory documents (self-attest, if required). Step 3: Submit the duly filled and signed application form along with the documents, within the prescribed period (if any), to the concerned authority. Step 4: Request a receipt or acknowledgement from the concerned authority to whom the application has been submitted. Ensure that the receipt contains essential details such as the date and time of submission, and a unique identification number (if applicable). NOTE: Ensure that the application is submitted within the prescribed period, if any.",Proof of Identity Proof of Age Address Proof Certificate of Landlessness Passport-Sized Photographs Income Certificate Application Form Self-Attestation Additional Documents (if applicable) ﻿,State,"Social welfare & Empowerment, Banking,Financial Services and Insurance, Education & Learning",,"Insurance, Scholarship, Accident, Disability, Student"
Award Of Stipend To VJNT And SBC Students Studying In ITI,awvsssi,"The Government of Maharashtra launched a scheme that provides to encourage V.J.N.T. & S.B.C. students and promotes their interest in Technical education. The Scheme Objective is to encourage V.J.N.T. & S.B.C. students and to promote the interest in Technical education vide G.R. No. EBC-1079/ 56243/ D-1 dated 7/5/1983 Govt. has introduced a scheme named as Award to I.T.I. students is given Rs.40/- p.m. stipend through Technical Education Department and Rs. 60/- p.m. stipend through this Department.   For the student who has not been given a stipend from Technical Education Department, Rs.100/- p.m. as a stipend is being given to these VJNT and SBC students by this Dept.",Maintenance Allowance from Rs.40/- to Rs.100/- per month for 10 months is provided through the concerned I.T.I.,Students should belong to V.J.N.T. or S.B.C category. Students should be trainees of approved I.T.I. The parent/Guardian's income should be up to ₹ 65290/- per year. The selection process is completed by the Principal of the concerned ITI. ﻿,"The application should be submitted to the concerned I.T.I. I.T.I. should submit the same to Asstt. Commissioner, Social Welfare concerned for approval.",Caste Certificate Domicile Certificate Residence Proof Aadhar card Bank Details School Marksheet Passport size photograph,State,Social welfare & Empowerment,,"Vimukta Jati Nomadic Tribes, Special Backward Class, Technical Education, ITI"
Bhausaheb Fundkar Falbag Lagvad Scheme,bhausaheb-fundkar-horticulture-plantataion-scheme,"The pattern of assistance under this scheme of total amount payable in three years. The subsidy amount will be directly credited to the Aadhaar link Bank Account every year. The beneficiary has to maintain the percentage survival of fruit plant shall be minimum 80% for first year and  90%  for the second year. State Sponsored Bhausaheb Fundkar Falbag Lagvad Scheme was launched by Agriculture Department of Maharashtra from Kharif Season of the year 2018-19. This scheme include the 16 perennial fruit crops like Mango, Cashew, Guava, Sapota, Custered Apple, Pomegranate, Paper Lemon, Coconut, Tamarind, Fig, Amla, Kokum, Jackfruit, Jamun, Orange, Mosambi. Farmer from Konkan division can avail benefit of 0.10 Hector to 10.00 Hector And rest Of Maharashtra 0.20 Ha. to 6.00 Ha. planting under the scheme. ﻿","Subsidy through DBT is given to farmer for plantation of 16 perennial fruit crops like Mango, Cashew, Guava, Sapota, Custered Apple, Pomegranate, Paper Lemon, Coconut, Tamarind, Fig, Amla, Kokum, Jackfruit, Jamun, Orange, Mosambi, for below mentioned activities : ﻿ 1.  Pit Diggsing 2.  Planting grafts/seedling 3.  Application of chemical and organic fertilizers. 4.  Crop Protection 5.  Gap filling ﻿",The beneficiary should be a permanent resident of Maharashtra State Farmer should have Aadhaar Card. Farmer should have 7/12 certificate and 8 –A certificate. ﻿,"Application link:  https://mahadbt.maharashtra.gov.in/ ﻿ Application Process: 1.	Go to the Aaple Sarkar DBT Portal at https://mahadbt.maharashtra.gov.in/. 2.	In that go to Farmer Scheme 3.	Click on the “New Applicant Registration” button. 4.	Enter your basic personal information, including your name, Aadhaar number, mobile number, and email address. 5.	Create a username and password. 6.	After completion of registration, login to your account and complete the form by entering Personal details,Address details and Land information details to complete profile 100%. 7.	After completing profile, apply for the implements, details of implement and its specifications etc and pay the fees to complete application form. ﻿","1.	Aadhaar Card 2. 7/12 Certificate 3. 8-A Certificate 4. Caste Certificate for SC,ST beneficiaries 5. Self Declaration 6. Pre Sanction Letter 7. Invoice of Implement ﻿",State,"Agriculture,Rural & Environment",,"Direct Benefit Transfer, Farmer, General, Horticulture, Plantation"
CHIEF MINISTER  EMPLOYMENT GENERATION  PROGRAMME (CMEGP),cmegp,"Scheme launched by GR शासन निर्णय क्र. योजना-२०१९/प्र.क्र.१२१/उद्योग ७ dated on 01.08.2019 Scheme will be implemented and monitored by Directorate of Industries (DOI), under the administrative control of Industries Department, Government of Maharashtra. The Scheme will be implemented through District Industries   Canters (DICs), Maharashtra State Khadi and Village Industries Boards (KVIB) under the control of Directorate of Industries and also by banks. ﻿ The maximum cost of the project/unit admissible under manufacturing sector is Rs.50 lakh. The maximum cost of the project/unit admissible under service, Agro-based/ Primary Agro processing sector, E-vehicle based goods transport and other businesses, single brand service ventures (single brand-based chains, mobile service ventures) is Rs.20 lakhs. Beneficiary’s Contribution in the project cost will be 5% to 10 % as per the Categories of Beneficiaries under CMEGP scheme and balance amount of the total project cost will be provided   by Banks as term loan. ﻿",﻿ Categories of beneficiaries under CMEGP Beneficiary’s Contribution (of project cost) Rate of subsidy (of project cost) Area (location of project/unit) ﻿ Urban Rural General Category 10% 15% 25% Special Category (includes SC / ST /Women/ Ex- servicemen / differently abled/VJNT/OBC/Minority) 5% 25% 35% ﻿,"1)The Age of the applicant should be between 18 to 45. For Special category (including SC/ST/Women/ Ex-servicemen/Differently abled) age is relaxed by 5 years. 2)The Occupation of the applicant should be unemployed youth, Youth willing to establish new ventures. 3)The Annual Income of the Applicant/Family/Parent/Guardian should No criteria LPA 4)The Gender of the applicant should be Male and Female 5)The Marital Status of the applicant should be for all 6)The Educational Qualification of the applicant should be minimum 7th standard pass for   project/unit above Rs. 10 lac and for project/units above Rs.25 lac the required educational criterion for the applicant is minimum 10th standard pass. ﻿","Step 01:  Fill online application on portal https://maha-cmegp.gov.in ﻿ ﻿ Step 02: District level Scrutiny and Coordination Sub-Committee (DLSCC) constituted under the Chairmanship of respective GM, DICs will scrutinize the applications and prepare a primary list of eligible applicants. ﻿ Step 03: primary eligible applicants list will be approved by DLTFC and then forwarded to bank. ﻿ Step 04: Bank Sanctioning &  Entrepreneurship Development Programme (EDP)  training &  Disbursment ﻿ Step 05: Subsidy claim by Bank to GM ﻿ Step 06: Approval of claim by HO and disbursement of margin money viz. nodal bank ﻿ Step 07: completion of three successful years of activity and following the timely repayment schedule as informed by the bank, the margin money in the form of grant-in-aid will be re-appropriated in the applicant’s loan account after confirmation / necessary validation from GM, DIC. ﻿",1)	Passport size photo 2)	Aadhar card 3)	Domicile certificate 4)	Educational cetifiacate 5)	Undertaking form 6)	Project profile 7)	Caste certificate(If applicable) 8)	Special categary certificate(If applicable) 9)	Pan card 10)	Populatuion certificate (Only for rural applicant) 11)	Clearance /approved certificate (bank)(If Working capital is zero for project cost more than 5 lac) ﻿,State,"Business & Entrepreneurship, Skills & Employment, Social welfare & Empowerment",,"Scheduled Caste, Scheduled Tribe, Female, Other Backward Class, Person With Disability, VJNT"
Chief Minister Sustainable Agriculture Irrigation Scheme - Magel Tyala Shettale (Individual Farm Pond),chief-minister-sustainable-agriculture-irrigation-scheme,"Chief Minister Sustainable Agriculture Irrigation Scheme-Magel Tyala Shettale (Individual Farm Pond) has been launched by Ministry of Agriculture, Animal Husbandry,Dairy Development &Fishries Department, Maharashtra State in the year 2022-23 (vide G.R.Dated 29 th June, 2022) Under this scheme subsidy payable to individual farmer is minimum Rs.14433/- and maximum Rs.75000/- depending on the size of the farm pond. ﻿ ﻿ Out of total area, 82 percent area of agriculture land in the state is rainfed and is dependent on rainfall. Water stress due to uneven distribution of rains and periodic interruptions in rains leads to large reduction in crop production. Sometimes crops are also destroyed. Farm ponds, in such situation plays an important role in providing protective irrigation and reduces crop losses substantially. Considering this matter, Chief Minister Sustainable Agriculture Irrigation Scheme-Individual Farm Pond has been sanctioned by the Maharashtra State Govt. vide G.R. Dated 29th June,2022. The scheme is implemented in all districts of the state. Under this scheme the subsidy payable to individual farmer is minimum Rs 14433/- and maximum Rs 75000/- depending on the size of the farm pond. Farmers should hold at least 0.20 ha land in Kokan region, while it is 0.40 ha limit for rest of the Maharashtra. Online applications are invited from farmers under Maha-DBT portal. The scheme is implemented by selecting the beneficiaries online through Maha-DBT portal. After completion of the farm pond, the subsidy payable under the scheme is credited through the PFMS system to theAadhaar number linked bank account of the farmer.The farm ponds are of two types one being with inlet outlet and the other without inlet and outlet type. The implementation of the component ""Magel TyalaShettale"" under Chief Minister Sustainable Agriculture Irrigation Scheme was approved videGovernment Circular dated April 25,2023. The name “Chhatrapati Shivaji Maharaj Krishi Yojana"" was given vide GR. dated 18th October 2023. ﻿",1) Financial Assistance is given to farmers. ﻿ 2)The subsidy payable to an individual farmer minimum Rs.14433/- and maximum Rs.75000/- depending on the size of the farmpond. ﻿,"1)	Farmer should hold at least (Minimum) 0.20 ha. land and Kokan region, while it is 0.40 ha. limit for rest of Maharashtra. 2)	The applicant farmers land will have to be technically suitable for digging farm pond. So that the runoff rainwater can be stored in the farm pond through natural flow and recharge will be possible. In case of farm ponds without inlet and outlet there should be a natural source from where extra runoff during rainy season can be lifted and stored in farm pond. 3)	Before applying for farm pond, the applicant farmers should not have availed the subsidy for farm pond, community tank or bodi in paddy bunding or any Government Scheme. ﻿","Step 01:  Farmer Registration ﻿ Step 02:  Select user type and complete Aadhar authentication. ﻿ Step 03:  Profile completion (Mobile number, Address details, Land & land holding information) ﻿ Step 04:  Apply for Individual Farm Pond (a) select scheme Chief Minister Sustainable Agriculture Irrigation Scheme (b) Select farm pond type (with inlet outlet or without inlet outlet) (c) Select farm pond size. ﻿ ﻿ https://mahadbt.maharashtra.gov.in/ ﻿ ﻿ ﻿ ﻿ ﻿ ﻿ ﻿",,State,"Agriculture,Rural & Environment",,"MahaDBT, Individual Farm Pond, Magel Tyala Shettale, Chatrapati Shivaji Maharaj Krishi Yojana"
Craftsman Training Scheme - Maharashtra,cts-maharashtra,"The ""Craftsman Training Scheme"" was launched by the Skill Development, Employment and Entrepreneurship Department, Government of Maharashtra. This stipend aims to support the trainees financially and encourage them to pursue and complete their vocational training, thereby contributing to skilled manpower development in the state.",Stipend ₹500/- per month.,"The applicant should be a resident of Maharashtra state. The applicant should belong to Scheduled Castes, Scheduled Tribes, Freed Castes and Nomadic Tribes, Other Backward Classes, Special Backward Classes, Minority Communities and Open Category economically backward The annual income of parents should not exceed ₹8,00,000/-. Only two siblings within a family are eligible for this benefit. The trainee should maintain an average of 80% attendance. The trainee should be passing the first year to enroll in a 2-year trade. SC trainees with an annual income of less than ₹2,50,000/- are also eligible for the Post Matric Scholarship. Trainees suspended or found non-eligible for the All India Trade Test (AITT) will not qualify. Trainees who have left the GITI are not eligible from their date of departure. Trainees in PITI are ineligible for this scheme. ﻿","MAHA DBT Registration Process: Step 01: Visit the official website . Step 02: Click ""New Applicant Registration"" and fill in the Applicant Name, Username, Confirm Password, Email ID, and Mobile Number. Step 03: Fill in the Captcha, OTP and Click to ""Register"" ﻿ Login and Apply Step 01: Click ""Applicant Login"" and Enter your registered username, password Step 02: Enter the security text shown in the image and click on the ""Login Here"" button for login Step 03: Create Your Profile Personal Information, Address Information, Current Course, Current Course, etc. Step 04: View Suggested Eligible Schemes and Choose Scheme Step 05: Apply for the scheme and Upload the relevant document. Step 06: After that, you get the Application ID. ﻿ Note: The applicant having an Aadhaar-seeded savings bank account in a nationalized bank is mandatory. Trainee registration on the MAHA-DBT portal is compulsory. ﻿",Passport-size Photograph. Aadhaar Card. Domicile Certificate. Income Certificate. Admission Proof (Admission letter or certificate from the Government ITI). Bank Account Details (Passbook copy showing the Aadhaar-linked bank account in a nationalized bank). Previous Year’s Marksheets (Proof of academic performance and eligibility for continued benefit in the second year). Caste Certificate. ﻿,State,Skills & Employment,,"Stipend, Craftsman, Training, Skill Development"
Dr. Ambedkar Medical Aid Scheme (Revised – 2009),amas-haryana,"The scheme “Dr. Ambedkar Medical Aid Scheme” has been revised and implemented by the Directorate of Welfare of Scheduled Caste & Backward Classes, Government of Haryana in 2009. The scheme is meant to provide medical treatment facilities to patients suffering from serious ailments requiring surgery of the Kidney, Heart, Liver, Cancer, and Brain or any other life-threatening diseases including Knee surgery and Spinal surgery to Scheduled Caste and Scheduled Tribe persons whose annual family income is less than ₹ 1,00,000/- per annum and will be implemented through the following Hospitals: •	All India Institute of Medical Sciences, New Delhi. •	Sanjay Gandhi Post Graduate Institute, Lucknow, Uttar Pradesh. •	Patna Medical College Hospital, Patna, Bihar. •	Jabalpur Hospital and Research Centre, Jabalpur, Madhya Pradesh. •	B. Barua Cancer Institute, Guwahati, Assam. •	Birla Heart Foundation, Kolkata, West Bengal. •	Kalinga Hospital Ltd. Chandrashekharpur, Bhubaneswar, Orissa. •	Tata Cancer Research Institute, Mumbai, Maharashtra. •	Nizam Institute of Medical Sciences, Hyderabad, Andhra Pradesh. •	The Voluntary Health Services, Chennai. •	All CGHS-approved Hospitals as revised from time to time by the Ministry of Health & Family Welfare, Government of India. •	All State Government Medical Colleges attached Hospitals even if not included under CGHS Scheme. •	All State Hospitals. •	All Hospitals recognized by State Government. •	All Hospitals are fully funded by either the Central Government or the State Governments. •	All Government Hospitals in District Headquarters/ major towns where surgery or treatment facility for Kidney, Heart, Liver Cancer, and Brain or any other life-threatening disease including knee surgery and spinal surgery is available. •	In exceptional cases where the Chairperson is personally convinced of the genuineness and justification for the need to cover any Hospital outside the approved list, can be approached for eligible treatment.  Disbursement: 1.	75% of the estimated cost of the treatment will be directly released to the concerned Hospital, with a maximum ceiling limit of ₹ 1,00,000/- in each case, in the form of a crossed cheque/ DD. 2.	The 50% of the total admissible medical aid will be paid, in advance, directly to the Hospital before surgery as the first installment. 3.	The remaining 50% amount will be released to the concerned Hospital after the surgery, on submission of the final bills duly certified by the Medical Superintendent of the said Hospital. 4.	Further, medical aid from the foundation and other sources should not exceed the total estimated cost of the treatment. A certificate in this regard should be obtained from the Medical Superintendent of the concerned Hospital. 5.	The Estimated Cost certificate to be submitted along with the application should contain the date fixed for the surgical operation.","Under this scheme medical treatment facilities provide to the patients suffering from serious ailments of Scheduled Caste and Scheduled Tribe persons whose annual family income is less than ₹ 1,00,000/- p.a. A patient having serious ailments requiring surgery of the Kidney, Heart, Liver, Cancer, Knee, Spinal and Brain, or any other life-threatening diseases may be given treatment.","The applicant shall belong to Scheduled Caste and Scheduled Tribe Community. Annual family income shall not exceed ₹ 1,00,000/- per annum. Those who are suffering from major ailments which need surgery such as kidney, heart, liver, cancer, brain or any other life-threatening disease including knee surgery and spinal surgery.","Application Link: http://haryanascbc.gov.in/sites/default/files/documents/application_form_for_medical_aid.pdf ﻿ Step 01: The applicant shall apply for medical aid in the prescribed application form, duly certified by the Medical Superintendent of the concerned Hospital. The application format is given overleaf. Step 02: The application must be submitted along with the caste certificate, income certificate, ration card, and estimated cost of the treatment duly certified by the Medical Superintendent of the Hospital. Step 03: The application shall be recommended and forwarded by the local sitting Member of Parliament (Lok Sabha or Rajya Sabha) or by the District Magistrate & Collector / Deputy Commissioner of the concerned District or the Secretary in charge of Health & Social Welfare Departments of the State/UT. Step 04: The duly filled-in form should reach the Director, Dr. Ambedkar Foundation, 15, Janpath, New Delhi, at least 15 days before the date of surgery. All the applications received will be processed by Dr. Ambedkar Foundation. ﻿ ﻿","Original Estimated Cost certificate duly signed by the Medical Superintendent of the concerned hospital. Original or attested photocopies of the income certificate, caste certificate, and ration card of the patient. The application should be recommended and forwarded either by a local sitting Member of Parliament (Lok Sabha or Rajya Sabha) or by the District Magistrate & Collectors/Deputy Commissioner of the concerned District or the Secretary in-charge of Health & Social Welfare Departments of State/UT. Medical aid from the Foundation and other sources should not exceed the total estimated cost of the treatment. A certificate in this regard should be obtained from the Medical Superintendent of the concerned Hospital. The Estimated Cost Certificate, accompanied with the application, should contain the date fixed for the surgical operation as far as possible. An attested photograph of the patient should be affixed on the Application Form.",State,"Health & Wellness, Social welfare & Empowerment",,"Medical Treatment, Scheduled Caste, Scheduled Tribe, Hospital, Surgery"
Dr. Panjabrao Deshmukh Hostel Maintenance Allowance,drpdhma,"The Panjabrao Deshmukh Scheme is a welfare scheme launched by the Government of Maharashtra to provide financial assistance to students from economically weaker sections of the society who are pursuing higher education. The scheme provides financial assistance to students for their tuition fees, examination fees, and other related expenses. ﻿ The objective of this scheme is to encourage and support students from economically weaker sections of the society to pursue higher education and to help them achieve their career aspirations. The scheme aims to bridge the gap between the economically privileged and underprivileged students and to ensure that every deserving student has equal access to higher education. ﻿ Under this scheme, eligible students can apply for financial assistance through the online portal of the scheme. The applicants are required to provide their personal details, academic records, income certificate, and other relevant documents as per the guidelines of the scheme. The applications are then verified and scrutinized by the authorities, and the financial assistance is provided to the eligible students directly to their bank accounts. ﻿ Overall, the Panjabrao Deshmukh Scheme is an important initiative by the Government of Maharashtra towards the goal of inclusive and equitable education. It provides a much-needed financial support system for students from economically weaker sections of the society, thereby helping them to achieve their educational goals and aspirations. ﻿","1.	Hostel maintenance allowance for students with annual income less than 8,00,000: Rs.3000 per year for Mumbai, Pune, Nagpur, and Aurangabad and Rs.2000 per year for other locations. (for 10 months in an academic year). 2.	Hostel maintenance allowance for students whose parents are Aplabhudharak shetkari/Registered Labourers: Rs.30,000 per year for Mumbai, Pune, Nagpur, and Aurangabad and Rs.20,000 per year for other locations(for 10 months in an academic year). ﻿","Eligibility Criteria: (As per the GR Dated 07th Oct 2017, 22nd Feb 2018 , 01st March 2018, 18th June 2018 ) a) Applicant should have Nationality of India. b) Candidate should be Domicile of Maharashtra State. c) Applicant should be ”Bonafide Student of Institute” and admitted for Professional and Technical course (Diploma / Graduation / Post Graduation Degree) as mentioned in GR d) Deemed University and Private university is not applicable e) Candidate should be admitted through Centralized Admission Process (CAP). f) Applicant should not avail any other scholarship/stipend. g) For current Academic Year, Only 2 child from family are allowed for benefit of scheme. h) The Total Annual Income of Family / Guardian should not be more than 8 Lakhs. i) Minimum 50 % attendance in previous semester (Exception for fresh admitted in College). j) During course duration, candidate should not have a gap of 2 or more than 2 years. ﻿","1.	Go to https://mahadbt.maharashtra.gov.in/SchemeData/SchemeData?str=E9DDFA703C38E51AA5337B52CE309785 ﻿ 2.	Click on New Applicant Registratio : Create account if your are new candidate by entering name, mobile number and password 3.	Click on Applicant Login : Fill the details username and password 4.	Click on Find eligible scheme by entering details like religion, caste, annual income, department as Directorate of Medical Education Research and disability type and apply for Dr, Panjabrao Deshmukh Hostel Maintanance Allowance. ﻿",1. Domicile Certificate 2.	New applicants need to submit HSC and SSC mark sheet 3.	Income certificate of Parents. 4.	Previous year's mark sheet. 5.	Affidavit 6.	Registered Labourers/aplabhudarak shetkari need to submit a proof letter approved from the tahsildar /Income certificate of Parents. 7.	Aadhaar card 8.	Student's PAN card (optional) 9.	Father's PAN card 10.Mother's PAN card (optional) ﻿ ﻿,State,Education & Learning,,"Dr. Panjabrao Deshmukh, Hostel Allowance, Education, Maharashtra Scheme, Student Scheme"
Educational Assistance for Degree Course,eafdc,"The Educational Assistance for Degree Course scheme was launched by the Maharashtra Building And Other Construction Workers Welfare Board (MBOCWW), Labour Department Maharashtra. The scheme provides financial assistance of ₹20,000/- per year to children of registered construction workers pursuing their undergraduate degrees. This benefit is also extended to the wife of a registered male worker.","Financial assistance of ₹20,000/- per year for undergraduate students. ﻿ ﻿","The children's parents or guardians should be registered under the Maharashtra Building and Other Construction Workers Welfare Board. The student must be enrolled in a degree course (1st, 2nd, 3rd, or 4th year). The benefit applies to a maximum of two children and the wife of a registered male worker. ﻿","Step-1: The interested applicant downloads the application form from the MBOCWW official website. Step-2: In the application form, fill in all the mandatory fields, and attach copies of all the mandatory documents (self-attest, if required). Step-3: Submit the duly filled and signed application form along with the documents to the Labor Commissioner/Government Labor Officer. Step-4: Request a receipt or acknowledgment from the concerned authority to whom the application has been submitted. Ensure that the receipt contains essential details such as the date and time of submission, and a unique identification number (if applicable).",Passport-size Photo. Aadhaar Card. Identity Card of Maharashtra Building and Other Construction Workers Welfare Board. Bank Passbook. Marksheet/School Certificate of passing in the previous academic level. Acknowledgment/Bonafide of Admission in the current academic year. Proof of Residence (One of Aadhaar Card/Passport/Driving Licence/Ration Sheet/Last Month's Electricity Bill/Gram Panchayat Certificate). ﻿ ﻿,State,Education & Learning,,"Financial Assistance, Degree, Construction Worker, Student, Scholarship"
Educational Assistance for Government Recognised Diploma Courses,eagrdc,"The Educational Assistance for Government Recognised Diploma Courses scheme was launched by the Maharashtra Building And Other Construction Workers Welfare Board (MBOCWW), Labour Department Maharashtra. The scheme aims to provide financial assistance to children of registered construction workers, providing ₹20,000/- per year for diploma courses and ₹25,000/- per year for postgraduate diploma courses.","Financial Assistance For: Government Recognized Diploma Courses- ₹20,000/- Postgraduate Diploma Courses- ₹25,000/- ﻿ NOTE: Benefit applies to a maximum of two children and to the wife of registered male workers.",The applicant should be a resident of Maharashtra. The applicant should be a child or spouse of a registered construction worker. The construction worker should be registered under the MBOCWW. The applicant must be enrolled in a government-recognized diploma or postgraduate diploma course. ﻿,"Step-1: The interested applicant downloads the application form from the MBOCWW official website. Step-2: In the application form, fill in all the mandatory fields, and attach copies of all the mandatory documents (self-attest, if required). Step-3: Submit the duly filled and signed application form along with the documents to the Labor Commissioner/Government Labor Officer. Step-4: Request a receipt or acknowledgment from the concerned authority to whom the application has been submitted. Ensure that the receipt contains essential details such as the date and time of submission, and a unique identification number (if applicable).",Passport-size Photo. Aadhaar Card. Identity Card of Maharashtra Building and Other Construction Workers Welfare Board. Bank Passbook. Marksheet/School Certificate of passing in the previous academic level. Acknowledgment/Bonafide for admission in the current academic year. Proof of Residence (One of Aadhaar Card/Passport/Driving Licence/Ration Sheet/Last Month's Electricity Bill/Gram Panchayat Certificate). ﻿ ﻿,State,Education & Learning,,"Financial Assistance, Diploma, Construction Worker, Student, Scholarship"
Educational Assistance for Medical and Engineering Courses,eafmaec,"The Maharashtra Building And Other Construction Workers Welfare Board (MBOCWW), Labour Department launched the Educational Assistance for Medical and Engineering Courses scheme. Under this scheme, financial aid of ₹1,00,000/- is granted for medical degrees, and ₹60,000/- for engineering degrees to the children and spouses of registered construction workers.","Financial Assistance For: Medical Degree: ₹1,00,000/- Engineering Degree: ₹60,000/-",The children's parents or guardians should be registered under the Maharashtra Building and Other Construction Workers Welfare Board. The student must be enrolled in a government-recognized medical or engineering institution. A maximum of two children or the wife of the registered worker can apply. ﻿ ﻿,"Step-1: The interested applicant downloads the application form from the MBOCWW official website. Step-2: In the application form, fill in all the mandatory fields, and attach copies of all the mandatory documents (self-attest, if required). Step-3: Submit the duly filled and signed application form along with the documents to the Labor Commissioner/Government Labor Officer. Step-4: Request a receipt or acknowledgment from the concerned authority to whom the application has been submitted. Ensure that the receipt contains essential details such as the date and time of submission, and a unique identification number (if applicable).",Passport-size Photo. Aadhaar Card. Identity Card of Maharashtra Building and Other Construction Workers Welfare Board. Bank Passbook. Marksheet/School Certificate of passing in the previous academic level. Acknowledgment/Bonafide for admission in the current academic year. Proof of Residence (One of Aadhaar Card/Passport/Driving Licence/Ration Sheet/Last Month's Electricity Bill/Gram Panchayat Certificate). ﻿ ﻿,State,Education & Learning,,"Financial Assistance, Student, Construction Worker, Medical, Engineering Course"
Educational Assistance to the 10th to 12th Students,eatt10t12s,"The Educational Assistance to the 10th to 12th Students scheme was launched by the Maharashtra Building And Other Construction Workers Welfare Board (MBOCWW), Labour Department Maharashtra. Under this scheme, educational assistance of ₹10,000/- to the children of the registered worker scoring 50% or more marks in the 10th and 12th standard examinations.","Financial assistance of ₹10,000/- for children scoring 50% or more in 10th or 12th standard exams.",The children's parents or guardians should be registered under the Maharashtra Building and Other Construction Workers Welfare Board. The child must have passed the 10th or 12th standard with at least 50% marks. Only children and spouse of registered construction workers are eligible to get educational assistance.,"Step-1: The interested applicant downloads the application form from the MBOCWW official website. Step-2: In the application form, fill in all the mandatory fields, and attach copies of all the mandatory documents (self-attest, if required). Step-3: Submit the duly filled and signed application form along with the documents to the Labor Commissioner/Government Labor Officer. Step-4: Request a receipt or acknowledgment from the concerned authority to whom the application has been submitted. Ensure that the receipt contains essential details such as the date and time of submission, and a unique identification number (if applicable).",Passport-size Photo. Aadhaar Card. Identity Card of Maharashtra Building and Other Construction Workers Welfare Board. Bank Passbook. Marksheet for at least 50% or more secured marks. Proof of Residence (One of Aadhaar Card/Passport/Driving Licence/Ration Sheet/Last Month's Electricity Bill/Gram Panchayat Certificate). ﻿,State,Education & Learning,,"Financial Assistance, Student, Construction Worker, Scholarship, Labour"
Educational Assistance to the Children Studying in 1st to 7th and 8th to 10th Class,eacs1t7a8t10,"The Educational Assistance to the Children Studying in 1st to 7th and 8th to 10th Class scheme is implemented by the Maharashtra Building And Other Construction Workers Welfare Board (MBOCWW), Labour Department Maharashtra. Under this scheme, educational assistance of ₹2,500/- to the children studying in 1st to 7th standard and ₹5,000/- for the children studying in 8th to 10th standard of the registered construction workers. The scheme covers up to two children and the wife of a registered male worker. ﻿ ﻿","Financial Assistance: 1 st to 7 th Class: ₹2,500/- 8 th to 10 th Class: ₹5,000/- ﻿ ﻿",The worker should be engaged in a building or other construction work. The worker should be registered under the Maharashtra Building & Other Construction Workers Welfare Board. The children or a registered male worker's wife should be enrolled in any grade from Class 1st to 10th. Only two children or a registered male worker's wife will be entitled to scholarships. ﻿ ﻿,"Step-1: The interested applicant downloads the application form from the MBOCWW official website. Step-2: In the application form, fill in all the mandatory fields, and attach copies of all the mandatory documents (self-attest, if required). Step-3: Submit the duly filled and signed application form along with the documents to the Labor Commissioner / Government Labor Officer. Step-4: Request a receipt or acknowledgment from the concerned authority to whom the application has been submitted. Ensure that the receipt contains essential details such as the date and time of submission, and a unique identification number (if applicable). ﻿ ﻿",Passport-size Photo. Aadhaar Card. Identity Card of Maharashtra Building and Other Construction Workers Welfare Board. Bank Passbook. School Certificate of 75% Attendance. Proof of Residence (One of Aadhaar Card/Passport/Driving License/Ration Sheet/Last Month's Electricity Bill/Gram Panchayat Certificate). ﻿ ﻿,State,Education & Learning,,"Building Worker, Student, Construction Worker, Educational Assistance, Labour"
Educational Assistance to the Children of the Registered Worker Studying in 11th and 12th Standard,eacrws11a12s,"The Educational Assistance to the Children of the Registered Worker Studying in 11th and 12th Standard scheme was launched by the Maharashtra Building And Other Construction Workers Welfare Board (MBOCWW), Labour Department Maharashtra. The scheme provides financial assistance ₹10,000 per year to children of registered construction workers who are studying in the 11th or 12th standard. The benefit applies to a maximum of two children per worker and extends to the wife of a registered male worker.","Financial assistance of ₹10,000 per year for children studying in 11th and 12th grades. ﻿ Note: Benefit applies to up to two children and the wife of a registered worker.",The children's parents or guardians should be registered under the Maharashtra Building and Other Construction Workers Welfare Board. The child/wife must be studying in 11th or 12th standard. Only children and spouse of registered construction workers are eligible to get educational assistance. ﻿,"Step-1: The interested applicant downloads the application form from the MBOCWW official website. Step-2: In the application form, fill in all the mandatory fields, and attach copies of all the mandatory documents (self-attest, if required). Step-3: Submit the duly filled and signed application form along with the documents to the Labor Commissioner/Government Labor Officer. Step-4: Request a receipt or acknowledgment from the concerned authority to whom the application has been submitted. Ensure that the receipt contains essential details such as the date and time of submission, and a unique identification number (if applicable).",Passport-size Photo. Aadhaar Card. Identity Card of Maharashtra Building and Other Construction Workers Welfare Board. Bank Passbook. MarkSheet for 11th or 12th standard. Proof of Residence (One of Aadhaar Card/Passport/Driving Licence/Ration Sheet/Last Month's Electricity Bill/Gram Panchayat Certificate). ﻿ ﻿,State,Education & Learning,,"Financial Assistance, Student, Scholarship, Graduation, Construction Worker"
Financial Assistance For Aids And Appliances For Disabled Persons,faaadp,"The ""Financial Assistance for Aids and Appliances for Disabled Persons"" is a scheme by the Department of Social Justice & Special Assistance, Govt. of Maharashtra. The objective of this scheme is to provide assistance to Persons with Disabilities (PwDs) for the purchase of aids and appliances as per their age group and the type of disability. Only citizens who are permanent residents of the state of Maharashtra are eligible to apply for this scheme. This scheme is 100% funded by the Govt. of Maharashtra.","For Hearing Handicapped: Hearing Aids. For Orthopedically Handicapped: Crutches, Tricycles, Calipers, Wheel Chair. For Visually Handicapped: Tape Recorders and Blank Cassettes for Education Purposes Up to Cost of ₹3,000/-.","The applicant should be a citizen of India. The applicant should be a permanent resident of Maharashtra State. The applicant should be a Person with Disability (Visually Handicapped, Low Vision, Hearing Impaired, Orthopedically Handicapped, etc). The percentage of the disability should be 40% or above. For financial assistance of 100% of the cost of the aids and appliances, the monthly income of the applicant should be less than ₹1,500/-. For financial assistance of 50% of the cost of the aids and appliances, the monthly income of the applicant should be between ₹1,500/- to ₹2,000/-.","Step 1: Visit the District Social Welfare Office , and request a hard copy of the format of the application form for the scheme from the concerned authority. Step 2: In the application form, fill in all the mandatory fields, paste the passport-sized photograph (signed across), and attach all the (self-attested) mandatory documents. Step 3: Submit the duly filled and signed application form along with the documents to the Assistant Commissioner, District Social Welfare Office. Step 4: Acquire the receipt/acknowledgment of the successful submission of the application form from the District Social Welfare Office.","Aadhaar Card. Proof of Age (Birth Certificate, Marksheet of Class 10th/12th, etc). 2-Passport Sized Photograph (Signed Across). Residential Certificate / Domicile Certificate of the State of Maharashtra. Disability Certificate. Details of the Bank Account (Bank Name, Branch Name, Address, IFSC, etc). Any other document required by the District Social Welfare Office.",State,Social welfare & Empowerment,,"Aids And Appliances, Person With Disability, Financial Assistance, Social Welfare"
Financial Assistance To Disabled For Self Employment,fadse,"The ""Financial Assistance to Disabled for Self Employment"" is a scheme by the Department of Social Justice & Special Assistance, Govt. of Maharashtra. The objective of this scheme is to facilitate the self-employment of unemployed disabled persons. Under this scheme, financial assistance is provided to persons with disabilities for self-employment, small-scale business, and agro-based project. Only citizens who are permanent residents of the state of Maharashtra are eligible to apply for this scheme. This scheme is 100% funded by the Govt. of Maharashtra.","Financial Assistance of up to ₹1,50,000/- is provided. 80% loan amount is provided by the Nationalized Bank. 20% subsidy of up to ₹30,000/- is provided by the Department of Social Justice & Special Assistance.","The applicant should be a citizen of India. The applicant should be a permanent resident of Maharashtra State. The applicant should be a Person with Disability (Visually Handicapped, Low Vision, Hearing Impaired, Orthopedically Handicapped, etc). The percentage of the disability should be 40% or above. The applicant should be in the 18 to 50 years age group. The annual income of the applicant should be less than ₹1,00,000/-.","Step 1: Visit the District Social Welfare Office , and request a hard copy of the format of the application form for the scheme from the concerned authority. Step 2: In the application form, fill in all the mandatory fields, paste the passport-sized photograph (signed across), and attach all the (self-attested) mandatory documents. Step 3: Submit the duly filled and signed application form along with the documents to the Assistant Commissioner, District Social Welfare Office. Step 4: Acquire the receipt/acknowledgment of the successful submission of the application form from the District Social Welfare Office.","Aadhaar Card. Proof of Age (Birth Certificate, Marksheet of Class 10th/12th, etc). 2-Passport Sized Photograph (Signed Across). Residential Certificate / Domicile Certificate of the State of Maharashtra. Disability Certificate. Income Certificate. Details of the Bank Account (Bank Name, Branch Name, Address, IFSC, etc). Any other document required by the District Social Welfare Office.",State,"Skills & Employment, Social welfare & Empowerment, Business & Entrepreneurship",,"Persons With Disability, Social Welfare, Financial Assistance, Entrepreneurship, Business"
Financial Assistance To Self-Employment For Trained Disabled Persons,fasetdp,"The ""Financial Assistance to Self-Employment for Trained Disabled Persons"" is a scheme by the Department of Social Justice & Special Assistance, Govt. of Maharashtra. The objective of this scheme is to provide financial assistance to facilitate the purchase of equipment for those disabled persons who are completing vocational training from government institutions or recognize institution to start their own businesses. Only citizens who are permanent residents of the state of Maharashtra are eligible to apply for this scheme. This scheme is 100% funded by the Govt. of Maharashtra.","A Financial Assistance of ₹1,000/- for the Purchase of Tool Kits/Equipment to Start Their Own Business.","The applicant should have completed their Vocational Training in a Government or Government Recognized Institution. The applicant should be a citizen of India. The applicant should be a permanent resident of Maharashtra State. The applicant should be a Person with Disability (Visually Handicapped, Low Vision, Hearing Impaired, Orthopedically Handicapped, etc). The percentage of the disability should be 40% or above.","Step 1: Visit the District Social Welfare Office , and request a hard copy of the format of the application form for the scheme from the concerned authority. Step 2: In the application form, fill in all the mandatory fields, paste the passport-sized photograph (signed across), and attach all the (self-attested) mandatory documents. Step 3: Submit the duly filled and signed application form along with the documents to the Assistant Commissioner, District Social Welfare Office. Step 4: Acquire the receipt/acknowledgment of the successful submission of the application form from the District Social Welfare Office.","A proposal along with the proposed project cost. Proof reg. the completion of Vocational Training in a Government or Government Recognized Institution. Aadhaar Card. Proof of Age (Birth Certificate, Marksheet of Class 10th/12th, etc). 2-Passport Sized Photograph (Signed Across). Residential Certificate / Domicile Certificate of the State of Maharashtra. Disability Certificate. Details of the Bank Account (Bank Name, Branch Name, Address, IFSC, etc). Any other document required by the District Social Welfare Office.",State,"Social welfare & Empowerment, Skills & Employment",,"Persons With Disability, Social Welfare, Employment, Financial Assistance"
Financial Assistance for Girl Child Attend Her Age of 18,fagcaha18,"The Financial Assistance for Girl Child Attend Her Age of 18 scheme was launched by the Maharashtra Building And Other Construction Workers Welfare Board (MBOCWW), Labour Department Maharashtra. The scheme aims to provide financial assistance in the form of a fixed deposit of ₹1,00,000/- for one female child of a registered worker or spouse who has undergone a family planning operation after the birth of one female child.","Fixed deposit of ₹1,00,000/- for one female child. ﻿ Note: The fixed deposit will remain in the bank until the girl child turns 18 years old.",The applicant must be a registered construction worker in Maharashtra. The worker or their spouse must have undergone contraceptive surgery after the birth of one female child. ﻿,"Step-1: The interested applicant downloads the application form from the MBOCWW official website. Step-2: In the application form, fill in all the mandatory fields, and attach copies of all the mandatory documents (self-attest, if required). Step-3: Submit the duly filled and signed application form along with the documents to the Labor Commissioner/Government Labor Officer. Step-4: Request a receipt or acknowledgment from the concerned authority to whom the application has been submitted. Ensure that the receipt contains essential details such as the date and time of submission, and a unique identification number (if applicable).",Passport-size Photo. Aadhaar Card. Identity Card of Maharashtra Building and Other Construction Workers Welfare Board. Bank Passbook. Certificate of Family Planning Strategy (issued by Competent Medical Officers). Affidavit Proof of applicant not having more than one daughter. Proof of Residence (One of Aadhaar Card/Passport/Driving Licence/Ration Sheet/Last Month's Electricity Bill/Gram Panchayat Certificate). ﻿,State,"Social welfare & Empowerment, Women and Child",,"Financial Assistance, Fixed Deposit, Girl Child, Construction Worker"
Financial Assistance for Natural Death,fafnd,"The scheme “Financial Assistance for Natural Death” was launched by the Maharashtra Building And Other Construction Workers Welfare Board (MBOCWW), Labour Department Maharashtra. Under the scheme, the Board provides financial assistance of ₹2,00,000/- to the legal heir of a registered worker who dies due to natural death.","Financial assistance of ₹2,00,000/- is provided by the Board to the legal heir of a registered worker who dies due to natural death. ﻿ ﻿",The applicant should be the legal heir of the deceased construction worker. The deceased construction worker should be registered under the Maharashtra Building and Other Construction Workers' Welfare Board. The death of the deceased worker must be due to natural death. ﻿ ﻿,"Step-1: The interested applicant downloads the application form from the MBOCWW official website. Step-2: In the application form, fill in all the mandatory fields, and attach copies of all the mandatory documents (self-attest, if required). Step-3: Submit the duly filled and signed application form along with the documents to the Labor Commissioner / Government Labor Officer. Step-4: Request a receipt or acknowledgment from the concerned authority to whom the application has been submitted. Ensure that the receipt contains essential details such as the date and time of submission, and a unique identification number (if applicable).",Passport-size Photo. Aadhaar Card. Identity Card of Maharashtra Building and Other Construction Workers Welfare Board. Bank Passbook. Death Certificate (Issued by competent medical authorities). Proof of Residence (One of Aadhaar Card/Passport/Driving Licence/Ration Sheet/Last Month's Electricity Bill/Gram Panchayat Certificate). ﻿ ﻿,State,Social welfare & Empowerment,,"Financial Assistance, Natural Death, Construction Worker, Legal Heir"
Financial Assistance for Normal Delivery and Surgical Delivery,fandsd,"The Financial Assistance for Normal Delivery and Surgical Delivery scheme was launched by the Maharashtra Building And Other Construction Workers Welfare Board (MBOCWW), Labour Department Maharashtra. The scheme aims to provide financial assistance for natural delivery and delivery by cesarean operation to the wife of a registered male worker and/or to the registered female worker.","Financial Assistance For: Normal Delivery- ₹15,000/- Surgical Delivery- ₹20,000/- ﻿ ﻿",The applicant should be a registered women construction worker under the MBOCWW or the wife of a registered male worker. The applicant should be Pregnant. Benefit is available for the first two deliveries only. ﻿,"Step-1: The interested applicant downloads the application form from the MBOCWW official website. Step-2: In the application form, fill in all the mandatory fields, and attach copies of all the mandatory documents (self-attest, if required). Step-3: Submit the duly filled and signed application form along with the documents to the Labor Commissioner/Government Labor Officer. Step-4: Request a receipt or acknowledgment from the concerned authority to whom the application has been submitted. Ensure that the receipt contains essential details such as the date and time of submission, and a unique identification number (if applicable). ﻿",Passport-size Photo Aadhaar Card Identity Card of Maharashtra Building and Other Construction Workers Welfare Board Bank Passbook Natural/Surgical Maternity Certificate (issued by competent medical authorities) Medical Treatment Payments Proof of Residence (One of Aadhaar Card/Passport/Driving Licence/Ration Sheet/Last Month's Electricity Bill/Gram Panchayat Certificate) ﻿ ﻿,State,Women and Child,,"Financial Assistance, Pregnant, Construction Worker, Normal Delivery, Surgical"
Financial Assistance for Widow or Widower of Registered Construction Worker,fawwrcw,"The “Financial Assistance for Widow or Widower of Registered Construction Worker” scheme was implemented by the Maharashtra Building and Other Construction Workers Welfare Board. Under this scheme, financial assistance of ₹24,000/- p.a. up to 5 years to the widow or widower in case of death of a registered worker during the course of employment.","Financial assistance of ₹24,000/- per annum up to 5 years to the widow or widower.",The applicant should be the widow or widower of a deceased construction worker. The deceased worker must have been registered with the Maharashtra Building and Other Construction Workers Welfare Board. ﻿,"Step-1: The interested applicant downloads the application form from the MBOCWW official website. Step-2: In the application form, fill in all the mandatory fields, and attach copies of all the mandatory documents (self-attest, if required). Step-3: Submit the duly filled and signed application form along with the documents to the Labor Commissioner/Government Labor Officer. Step-4: Request a receipt or acknowledgment from the concerned authority to whom the application has been submitted. Ensure that the receipt contains essential details such as the date and time of submission, and a unique identification number (if applicable).",Passport-size Photo Aadhaar Card Identity Card of Maharashtra Building and Other Construction Workers Welfare Board Bank Passbook Death Certificate (Issued by competent medical authorities) Proof of Residence (One of Aadhaar Card/Passport/Driving Licence/Ration Sheet/Last Month's Electricity Bill/Gram Panchayat Certificate) ﻿ ﻿,State,Social welfare & Empowerment,,"Financial Assistance, Widow, Widower, Death, Construction Worker"
Financial Assistance to 75% or Permanent Disability,fat75opd,"The scheme Financial Assistance to 75% or Permanent Disability was launched by the Maharashtra Building And Other Construction Workers Welfare Board (MBOCWW), Labor Department Maharashtra. Under the scheme, financial assistance of ₹2,00,000/- to the registered worker in case of 75 % or more permanent disability (the benefit can be availed only after 26th July 2014 as the benefit is covered under the Mediclaim & Personal Accident Insurance scheme).","Financial assistance of ₹2,00,000/- is provided by the Board to the registered worker for 75% or more permanent disability. ﻿ ﻿",The worker must be engaged in building or construction work. The worker should be registered under the Maharashtra Building and Other Construction Workers Welfare Board (MBOCWW). The worker should have a 75% or permanent disability. ﻿ ﻿,"Step-1: The interested applicant downloads the application form from the MBOCWW official website. Step-2: In the application form, fill in all the mandatory fields, and attach copies of all the mandatory documents (self-attest, if required). Step-3: Submit the duly filled and signed application form along with the documents to the Labor Commissioner / Government Labor Officer. Step-4: Request a receipt or acknowledgment from the concerned authority to whom the application has been submitted. Ensure that the receipt contains essential details such as the date and time of submission, and a unique identification number (if applicable).",Passport-size Photo Aadhaar Card Identity Card of Maharashtra Building and Other Construction Workers Welfare Board Bank Passbook Disability Certificate (issued by competent medical officer/board) Medical Treatment Payments Proof of Residence (One of Aadhaar Card/Passport/Driving Licence/Ration Sheet/Last Month's Electricity Bill/Gram Panchayat Certificate) ﻿ ﻿,State,Social welfare & Empowerment,,"Financial Assistance, Disability, Construction Worker, Medical Treatment"
Financial Assistance to Newlyweds under Kanyadan Yojana (Vijabhaj),fatnukyv,"The scheme ""Financial Assistance to Newlyweds under Kanyadan Yojana (Vijabhaj)"" was launched by the Department of Social Justice & Special Assistance, Government of Maharashtra. The scheme aims to reduce the economic, social, and educational backwardness of Scheduled Castes, Freed Castes, Nomadic Tribes, and Special Backward Classes in Maharashtra, helping integrate them into the mainstream of society. The grant is provided for the first marriage of both the bride and groom of these communities.","A financial assistance of ₹10,000/- is provided to couples who participate in mass marriage ceremonies. An incentive grant of ₹2,000/- per couple is offered to institutions and organizations that organize mass marriage ceremonies for these communities.","The bride and the groom must be residents of Maharashtra. The groom should not be less than 21 years of age. The bride should not be less than 18 years of age. The grant is only admissible for the first marriage of the bride and groom, however, it is also admissible to a widow for her second marriage. Either or both of the bride and groom must belong to Scheduled Castes (including Neo-Buddhists), Vimukta Castes, Nomadic Tribes (including Dhangars and Vanjaris), or Special Backward Classes.","Step 1: The interested applicant should visit (during office hours) the District Social Welfare Office and request a hard copy of the prescribed format of the application form from the concerned authority. Step 2: In the application form, fill in all the mandatory fields, paste the passport-sized photograph (signed across, if required), and attach copies of all the mandatory documents (self-attest, if required). Step 3: Submit the duly filled and signed application form along with the documents, within the prescribed period (if any), to the Assistant Commissioner or to the Social Welfare Officer of the District Social Welfare Office. Step 4: Request a receipt or acknowledgement from the concerned authority to whom the application has been submitted. Ensure that the receipt contains essential details such as the date and time of submission, and a unique identification number (if applicable). NOTE: Ensure that the application is submitted within the prescribed period, if any.","Identity Proof (Aadhaar Card, Voter Card, etc.). Passport-size Photograph. ﻿ ﻿ Proof of Residence. Ration Card. Bank Account Details. Proof of Age. Marriage Certificate. A written affidavit must be submitted by the couple/family, stating that there has been no violation of any section under the Prevention of Child Marriage Act and the Prevention of Dowry Act. A caste certificate issued by a competent and authorized officer must be provided.",State,"Women and Child, Social welfare & Empowerment",,"Marriage, Backward Class, Nomadic Tribe, Bride, Groom"
First Self Marriage Expenses,fsme,"The ""First Self Marriage Expenses"" scheme was implemented by the Maharashtra Building and Other Construction Workers' Welfare Board, Labour Department Government of Maharashtra. Under this scheme, financial assistance of ₹30,000/- towards the first self-marriage expenses to the registered worker. ﻿","Financial assistance of ₹30,000/- provided to registered construction worker for first marriage expenses. ﻿ ﻿",The applicant should be engaged in building or construction work. The applicant should be registered under the Maharashtra Building and Other Construction Workers Welfare Board. ﻿ ﻿,"Step-1: The interested applicant downloads the application form from the MBOCWW official website. Step-2: In the application form, fill in all the mandatory fields, and attach copies of all the mandatory documents (self-attest, if required). Step-3: Submit the duly filled and signed application form along with the documents to the Labor Commissioner / Government Labor Officer. Step-4: Request a receipt or acknowledgment from the concerned authority to whom the application has been submitted. Ensure that the receipt contains essential details such as the date and time of submission, and a unique identification number (if applicable). ﻿",Passport-size Photo. Aadhaar Card. Identity Card of Maharashtra Building and Other Construction Workers Welfare Board. Bank Passbook. Proof of Residence (One of Aadhaar Card/Passport/Driving Licence/Ration Sheet/Last Month's Electricity Bill/Gram Panchayat Certificate). Marriage Certificate. Affidavit for First Marriage. ﻿ ﻿,State,Social welfare & Empowerment,,"Financial Assistance, Marriage, Construction Worker, Labour"
Funeral Assistance,fa,"The scheme “Funeral Assistance” is implemented by the Maharashtra Building and Other Construction Workers Welfare Board (MBOCWW), Labour Department, Government of Maharashtra. Under this scheme, the Board provides financial assistance for funeral expenses to the nominated heir of a registered worker in the event of their death.","In case of the death of a registered worker, an amount of ₹10,000/- is payable as funeral assistance to the nominated heir.",The applicant should be a nominee/legal heir of the deceased worker. The deceased worker should have been registered with the Maharashtra Building & Other Construction Workers Welfare Board. ﻿ ﻿,"Step-1: The interested applicant downloads the application form from the MBOCWW official website. Step-2: In the application form, fill in all the mandatory fields, and attach copies of all the mandatory documents (self-attest, if required). Step-3: Submit the duly filled and signed application form along with the documents to the Labor Commissioner/Government Labor Officer. Step-4: Request a receipt or acknowledgment from the concerned authority to whom the application has been submitted. Ensure that the receipt contains essential details such as the date and time of submission, and a unique identification number (if applicable). ﻿",Passport-size Photo. Aadhaar Card. Identity Card of Maharashtra Building and Other Construction Workers Welfare Board. Bank Passbook. Death Certificate (Issued by competent medical authorities). Proof of Residence (One of Aadhaar Card/Passport/Driving Licence/Ration Sheet/Last Month's Electricity Bill/Gram Panchayat Certificate). ﻿ ﻿,State,Social welfare & Empowerment,,"Financial Assistance, Construction Worker, Labour, Funeral Expense, Nominated Heir"
Gopinath Munde Shetkari Apghat Suraksha Sanugrah Audhan Yojana,gopinath-munde-shetkari-apghat-suraksha-sanugrah-audhan-yojana,Farmers are prone to various accidents while performing farming business. Due to death/ disability of earning head of family the family members of farmers have to face critical financial situation. The said scheme will be applicable for 24 hours of every day during the prescribed period. Farmers who are registered account holders and any 1 member of farmer's family who is not registered as registered account holder shall remain eligible for benefits under the scheme even if any of these persons suffer an accident or disability. There is no relevance of this scheme to any other such scheme which is implemented by any other institution or individual farmers. The benefit of this scheme is completely independent. To get the benefit of this scheme there is no need to submit any other documents than prescribed in the Government Resolution (G.R.). ﻿,The benefits in the form of compensation provided: ﻿ I)Death - Rs. 2 lakhs II) Disablement - Rs. 1 lakh /- or 2 lakhs a) Loss of one limb or one Eye - Rs. 1 Lakhs b) Loss of two limbs or two Eyes- Rs. 2 lakhs c) Loss of one limb and one Eye	 - Rs. 2 lakhs ﻿ ﻿,1) Registered farmer in the age group of 10 -75 years. 2) Person registered as farmer in Maharashtra as evidenced by 7/12 extract. 3) All 1.52 crore farmers of the state and one family member   from their family. ﻿,"1.	Concern accident farmer / heir of the farmer should submit complete claim proposal with all the prescribed documents to the concerned Taluka Agriculture Officer within 30 days. 2.	After receiving preliminary information about the accident victim, a team of concerned revenue officer, police officer, taluka agriculture officer should visit and submit the report to Tehsildar within 8 days from the occurrence of the incident. 3.	The Taluka Agriculture Officer should scrutinize the claim proposals received and submit the eligible claim proposals to the concerned Tehsildar. 4.	In the committee meeting under the chairmanship of Tehsildar, a decision will be taken within 30 days to provide assistance to the farmers / heirs of the farmer family and after that the funds will be paid through ECS to the bank account of the accident affected farmers / heirs through the concerned Taluka Agriculture Officer. ﻿","﻿ 1) Person registered as farmer in Maharashtra as evidenced by 7/12 extract. 2) Village form No. 6 – D (Fer-far). 3) Village form No. 6 – C. 4) Age proof evidence by birth certificate or School leaving certificate, etc 5) Death certificate 6) First Investigation Report (FIR) 7) Inquest Report / Panchnama 8) Post-Mortem Report / Panchnama 9) Viscera Report 10) Dis-ability Certificate ﻿",State,"Agriculture,Rural & Environment",,"Compensation, Person With Disability, General, Direct Benefit Transfer, Assistance, Farmer"
Grant In Aid To Old Age Home,gaoah,"The ""Grant in Aid to Old Age Home"" is a scheme by the Department of Social Justice & Special Assistance, Govt. of Maharashtra. In this scheme, grants are provided to the NGOs for accommodating old men and women, destitute, and disabled victims, into Old age Homes, and providing them with facilities such as food, accommodation, resort, Free lodging & Boarding & Medical Assistance, etc. Only citizens who are permanent residents of the state of Maharashtra are eligible to apply for this scheme. This scheme is 100% funded by the Govt. of Maharashtra.","In this scheme, grants are provided to the NGOs for accommodating old men and women, destitute, and disabled victims, into Old age Homes, and providing them with facilities such as food, accommodation, resort, Free lodging & Boarding & Medical Assistance, etc.","The applicant should be a registered Non-Governmental Organization (NGO). The applicant should only accommodate old/destitute/disabled victims. In the case of old men, the age should be 60 years and above. In the case of old women, the age should be 55 years and above. The old age person should be a citizen of India. The old age person should be a permanent resident of the state of Maharashtra.","Step 1: Visit the District Social Welfare Office , and request a hard copy of the format of the application form for the scheme from the concerned authority. Step 2: In the application form, fill in all the mandatory fields, paste the passport-sized photograph (signed across), and attach all the (self-attested) mandatory documents. Step 3: Submit the duly filled and signed application form along with the documents to the Assistant Commissioner, District Social Welfare Office. Step 4: Acquire the receipt/acknowledgment of the successful submission of the application form from the District Social Welfare Office.","Aadhaar Card. 2-Passport Sized Photograph (Signed Across). Residential Certificate / Domicile Certificate of the State of Maharashtra. Details of the Bank Account (Bank Name, Branch Name, Address, IFSC, etc). Proof of Age (Birth Certificate, etc). Any other document required by the District Social Welfare Office.",State,"Housing & Shelter, Social welfare & Empowerment",,"NGO, Old Age, Senior Citizen, Shelter, Social Welfare"
Group Supply Of Goats And Sheep,gsgos,"In Maharashtra, group supply of goat and sheep refers to a collective approach taken by small-scale farmers to supply their livestock to larger markets. These farmers form groups or cooperatives to pool their resources and negotiate better prices for their goats and sheep. ﻿ Group supply is often used for the purpose of reducing costs, improving access to markets, and promoting efficient utilization of resources. The species of goats and sheep commonly found in Maharashtra include Jamunapari, Beetal, and Sirohi, among others. Group supply of goats and sheep is an important aspect of the livestock industry in Maharashtra, contributing to both the economy and food security of the region. ﻿ The group supply system has several advantages for small-scale farmers, including reduced transportation costs, improved market access, and increased bargaining power. By working together, farmers can also share knowledge and resources, such as veterinary services and animal feed. ﻿ Overall, group supply of goat and sheep is an important component of the agricultural economy in Maharashtra, supporting small-scale farmers and providing a valuable source of meat to consumers. ﻿ ﻿ ﻿ ﻿","1.	Under this scheme, a group of 10 goats and 1 buck are provided to tribal beneficiaries on 50 percent subsidy. The price of the group is decided according to the prevailing rates of NABARD. ﻿ 2.	Supply of goat Units:- Under this scheme To increase the income source & to create employment in tribal areas to farmers/ beneficiaries. The goat units are provided to them. In year 2018-19 under this scheme total allocation of Rs. 369.22 lakhs has been proposed. ﻿",1.	Beneficiary should belong to Scheduled Tribe. 2.	Beneficiary should be below poverty line.,"Connect with Group Development Officer, Group Development Officer under Panchayat Samiti / and Zilla Parishad",1.	Aadhaar Card 2.	Caste Certificate 3. Income Certificate,State,"Business & Entrepreneurship, Skills & Employment",,"Tribal Scheme, Goat Supply, Sheep Supply, Maharashtra Scheme, State Scheme"
Homes For Intellectually Impaired Persons,hiip,"The ""Homes for Intellectually Impaired Persons"" is a scheme by the Department of Social Justice & Special Assistance, Govt. of Maharashtra. In this scheme, Mentally Deficient Children who are in need of care and protection are admitted into shelter homes through the Child Welfare Committee of the district formed under the Juvenile Justice (Care & Protection of Children) Act 2000 and Amendment Act 2006. The numbers of MDC homes are 19 out of which 14 are granted and 5 are non-granted.","The Mentally Deficient Children who are in need of care and protection are admitted into shelter homes. There are free facilities of food, shelter, and care & protection are provided in these homes.",The applicant should be a citizen of India. The applicant should be an orphan. The applicant should be a permanent resident of Maharashtra State. The applicant should be a Mentally Deficient Child (MDC) who is in need of care and protection. The percentage of the disability should be 40% or above. ﻿ ﻿,"Step 1: Visit the Child Welfare Committee ﻿ ﻿ , and request a hard copy of the format of the application form for the scheme from the concerned authority. Step 2: In the application form, fill in all the mandatory fields, paste the passport-sized photograph (signed across), and attach all the (self-attested) mandatory documents. Step 3: Submit the duly filled and signed application form along with the documents at the office of the concerned Child Welfare Committee ﻿ ﻿ . Step 4: Acquire the receipt/acknowledgment of the successful submission of the application form from the office.","Aadhaar Card. 2-Passport Sized Photograph (Signed Across). Proof of Age (Birth Certificate, etc). Residential Certificate / Domicile Certificate of the State of Maharashtra. Disability Certificate. Details of the Bank Account (Bank Name, Branch Name, Address, IFSC, etc). Any other document required by the Child Welfare Committee.",State,"Housing & Shelter, Social welfare & Empowerment",,"Child, Person With Disability, Shelter, Social Justice"
Incentive given to Encourage Inter caste Marriages,igteicm,"The ""Incentive for Encouraging Inter-Caste Marriages"" scheme is implemented by the Department of Social Justice & Special Assistance, Government of Maharashtra, and funded jointly by the State and Central Government (50:50). The scheme provides financial incentives to support inter-caste marriages between Savarna Hindus (including Hindu, Jain, Lingayat, and Sikh communities) and individuals from Scheduled Castes, Scheduled Tribes, Nomadic Tribes, Nomadic Castes, and Special Backward Classes. The scheme promotes social harmony and aims to eradicate untouchability. The bride as well as the bridegroom should be permanent residents of Maharashtra.","A financial assistance of ₹50,000/- issued as a joint draft in the names of both spouses.","The bride as well as the bridegroom should be permanent residents of Maharashtra. One spouse must belong to the Savarna, Hindu Lingayat, Jain, or Sikh community. One spouse must belong to one of the following communities: Scheduled Caste, Scheduled Tribe, Vimukta Jati (denoted tribe), Nomadic Tribe, and Special Backward Class. The male spouse should be 21 years or above in age. The female spouse should be 18 years or above in age.","Step 1: The interested applicant should visit (during office hours) the concerned District Social Welfare Office (or the Social Welfare Office in Chembur if the applicant is in Mumbai City or Mumbai Suburbs)  and request a hard copy of the prescribed format of the application form from the concerned authority. Step 2: In the application form, fill in all the mandatory fields, paste the passport-sized photograph (signed across, if required), and attach copies of all the mandatory documents (self-attest, if required). Step 3: Submit the duly filled and signed application form along with the documents, within the prescribed period (if any), to the concerned authority. Step 4: Request a receipt or acknowledgement from the concerned authority to whom the application has been submitted. Ensure that the receipt contains essential details such as the date and time of submission, and a unique identification number (if applicable). NOTE: Ensure that the application is submitted within the prescribed period, if any.","Application Form Caste Certificates Permanent Resident Proof Age Proof – School leaving certificates showing the groom is at least 21 years old and the bride is at least 18 years old. Joint Photograph – A recent photograph of the couple together. Recommendation Letters – Two letters from respected individuals attesting to the marriage. Bank Details – Joint bank account details in both spouses’ names. ID Proofs – Government-issued ID proof for both applicants (e.g., Aadhar card, Voter ID). Income Certificate – Income proof if applicable (to meet any scheme-specific income criteria). Acknowledgment Receipt – To be received from the office upon submission. ﻿",State,"Women and Child, Social welfare & Empowerment",,"Intercaste, Marriage, Financial Assistance, Bride, Groom"
Indira Gandhi National Disability Pension Scheme (Maharashtra),igndpsm,"The ""Indira Gandhi National Disability Pension Scheme (Maharashtra)"" is implemented by the Social Justice & Special Assistance Department, Government of Maharashtra. Under this scheme, differently-abled individuals aged 18 to 65 years with a disability of 80% and above are eligible to receive a pension of ₹600/- per month.",A monthly pension of ₹600/-.,The applicant should be a resident of Maharashtra. The applicant should be a person with a disability. The percentage of the disability should be 80% or more. The applicant’s age should be between 18 and 65 years. The applicant should not be receiving pension benefits under any other social security scheme.,"Step 1: The interested applicant should visit (during office hours) the Collector Office/Tahsildar/Talathi of your district, and request the hard copy of the prescribed format of the application form from the concerned authority. Step 2: In the application form, fill in all the mandatory fields, paste the passport-sized photograph (signed across, if required), and attach copies of all the mandatory documents (self-attest, if required). Step 3: Submit the duly filled and signed application form along with the documents, within the prescribed period (if any), to the concerned authority. Step 4: Request a receipt or acknowledgement from the concerned authority to whom the application has been submitted. Ensure that the receipt contains essential details such as the date and time of submission, and a unique identification number (if applicable). NOTE: Ensure that the application is submitted within the prescribed period, if any.","Aadhaar Card Passport-size Photograph Identity Proof i.e. Voter ID Card, Driving License Disability Certificate Proof of Age Caste Certificate, if Applicable Address Proof Bank Passbook/Bank Account Details Any Other Documents as Required",State,Social welfare & Empowerment,,"Disability, Pension, PwD, Handicapped"
Indira Gandhi National Old Age Pension Scheme (Maharashtra),igoapsm,"The scheme ""Indira Gandhi National Old Age Pension"" is a social welfare scheme by the Social Justice & Special Assistance Department, Government of Maharashtra. In this scheme, ₹600 per month is provided to elderly individuals aged 65 years and above from BPL families.",A monthly financial assistance of ₹600/-.,The applicant should be a resident of Maharashtra. The applicant should be 65 years of age or older. The applicant should be from a Below Poverty Line (BPL) family. The applicant should not be receiving pension benefits under any social security scheme.,"Step 1: The interested applicant should visit (during office hours) the Collector Office/Tahsildar/Talathi of your district, and request the hard copy of the prescribed format of the application form from the concerned authority. Step 2: In the application form, fill in all the mandatory fields, paste the passport-sized photograph (signed across, if required), and attach copies of all the mandatory documents (self-attest, if required). Step 3: Submit the duly filled and signed application form along with the documents, within the prescribed period (if any), to the concerned authority. Step 4: Request a receipt or acknowledgement from the concerned authority to whom the application has been submitted. Ensure that the receipt contains essential details such as the date and time of submission, and a unique identification number (if applicable). NOTE: Ensure that the application is submitted within the prescribed period, if any.","Aadhaar card of the applicant Passport-size photograph Identity proof i.e. Voter ID Card, Driving License Residence Proof Proof of age Below Poverty Line (BPL) Card/related documents Caste certificate, if applicable Address proof Bank Passbook/Bank account details Any other documents as required",State,Social welfare & Empowerment,,"Pension, Old Age, Below The Poverty Line, Senior Citizen, BPL"
Indira Gandhi National Widow Pension Scheme (Maharashtra),ignwpsm,"The scheme ""Indira Gandhi National Widow Pension Scheme (Maharashtra)"" is a social welfare scheme implemented by the Social Justice & Special Assistance Department, Government of Maharashtra. Under this Centrally Sponsored Scheme, widows aged 40 to 65 years who are from a Below Poverty Line family are eligible to receive ₹600/- per month as pension.",A monthly pension of ₹600/-. ﻿,The applicant should be a resident of Maharashtra. The applicant should be a widow. The age of the applicant should be between 40 and 65 years. The applicant should belong to a Below Poverty Line (BPL) family. The applicant should not be receiving pension benefits under any social security scheme.,"Step 1: The interested applicant should visit (during office hours) the Collector Office/Tahsildar/Talathi of your district, and request the hard copy of the prescribed format of the application form from the concerned authority. Step 2: In the application form, fill in all the mandatory fields, paste the passport-sized photograph (signed across, if required), and attach copies of all the mandatory documents (self-attest, if required). Step 3: Submit the duly filled and signed application form along with the documents, within the prescribed period (if any), to the concerned authority. Step 4: Request a receipt or acknowledgement from the concerned authority to whom the application has been submitted. Ensure that the receipt contains essential details such as the date and time of submission, and a unique identification number (if applicable). NOTE: Ensure that the application is submitted within the prescribed period, if any.","Aadhaar Card Passport-size Photograph Identity Proof i.e. Voter ID Card, Driving License Death Certificate of Husband Residence Proof Proof of Age Below Poverty Line (BPL) Card/ Related Documents Caste Certificate, if Applicable Address Proof Bank Passbook/ Bank Account Details Any Other Documents as Required",State,Social welfare & Empowerment,,"Widow, Woman, Pension"
Karma Veer Dadasaheb Gaikwad Sabalikaran & Swabhiman Yojana,kvdgssy,"Being implemented particularly for the Scheduled Caste Communities, the ""Karma Veer Dadasaheb Gaikwad Sabalikaran & Swabhiman Yojana"" is a scheme by the Department of Social Justice & Special Assistance, Govt. of Maharashtra. The main objective of this scheme is to improve the financial condition of the scheduled castes and Nav-Buddhists who are landless workers and are from ""Below Poverty Line"". Only citizens who are permanent residents of the state of Maharashtra are eligible to apply for this scheme. This scheme is 100% funded by the Govt. of Maharashtra.",The beneficiary is provided with 2-acre irrigated land or 4-acre non-irrigated land on 50% of the subsidy and 50% is loan.,"The applicant should be a citizen of India. The applicant should be a permanent resident of Maharashtra State. The applicant should be in the 18 to 60 years age group. The applicant should be from Scheduled Caste or should be a Nav-Buddhists. The applicant should be landless. The applicant should be from the ""Below Poverty Line"" category.","Step 1: Visit the District Social Welfare Office , and request a hard copy of the format of the application form for the scheme from the concerned authority. Step 2: In the application form, fill in all the mandatory fields, paste the passport-sized photograph (signed across), and attach all the (self-attested) mandatory documents. Step 3: Submit the duly filled and signed application form along with the documents to the Assistant Commissioner, District Social Welfare Office. Step 4: Acquire the receipt/acknowledgment of the successful submission of the application form from the District Social Welfare Office.","BPL Card Aadhaar Card. Proof of Age (Birth Certificate, Marksheet of Class 10th/12th, etc) 2-Passport Sized Photograph (Signed Across) Residential Certificate / Domicile Certificate of the State of Maharashtra. Caste Certificate and/or Certificate mentioning ""Nau Bouddha"" or ""Converted Buddhist"" or ""Neo Buddhist"" issued by the Revenue Department, Govt. of Maharashtra. Details of the Bank Account (Bank Name, Branch Name, Address, IFSC, etc). Any other document required by the District Social Welfare Office.",State,"Agriculture,Rural & Environment, Banking,Financial Services and Insurance, Social welfare & Empowerment",,"Loan, Subsidy, Below Poverty Line, Scheduled Caste, Financial Assistance"
Karmaveer Padmashri Dadasaheb Gaikwad Birth Centenary And Prize Distribution,kpdgbcpd,"The ""Karmaveer Padmashri Dadasaheb Gaikwad Birth Centenary and Prize Distribution"" is an award by the Department of Social Justice & Special Assistance, Govt. of Maharashtra. The award is given to individuals and organizations working for the social movement against traditional customs and untouchability and for landless farm workers. Only citizens who are permanent residents of the state of Maharashtra are eligible to apply for this scheme. This scheme is 100% funded by the Govt. of Maharashtra.","The person winning the award and his/her institute will get ₹51,000/- along with a memorabilia, shawl and coconut.","The applicant should have done a social movement work. The applicant should be from a Social Welfare Sector or Institute, and should be registered. The period of the Social Service by the applicant should be 15 years & above. For male applicants, the age should not be below 50 years. For female applicants, the age should not be below 40 years. The applicant should be a citizen of India. The applicant should be a permanent resident of Maharashtra State.","Step 1: Visit the District Social Welfare Office , and request a hard copy of the format of the application form for the scheme from the concerned authority. Step 2: In the application form, fill in all the mandatory fields, paste the passport-sized photograph (signed across), and attach all the (self-attested) mandatory documents. Step 3: Submit the duly filled and signed application form along with the documents to the Assistant Commissioner, District Social Welfare Office. Step 4: Acquire the receipt/acknowledgment of the successful submission of the application form from the District Social Welfare Office.","Proof of Work Experience in the Social Welfare Sector. Proof of Registration from a Social Welfare Institute. Character Verification Report issued by the Superintendent of Police or the Police Commissioner. Aadhaar Card. Proof of Age (Birth Certificate, Marksheet of Class 10th/12th, etc) 2-Passport Sized Photograph (Signed Across) Residential Certificate / Domicile Certificate of the State of Maharashtra. Caste Certificate. Details of the Bank Account (Bank Name, Branch Name, Address, IFSC, etc). Any other document required by the District Social Welfare Office.",State,Social welfare & Empowerment,,"Award, Untouchability, Social Welfare, Landless Farmer"
LIDCOM 50% Subsidy Scheme,l50ss,"Being implemented particularly for the (Scheduled Caste) Charmakar Community, the ""50% Subsidy Scheme"" is a scheme by the Leather Industries Development Corporation (LIDCOM), Govt. of Maharashtra. In this scheme, 50% amount is being given as a subsidy on a maximum loan amount of ₹50,000/-. The subsidy is subject to the maximum limit of ₹10,000/-. The bank charge of interest is as per the existing rate. Only citizens who are permanent residents of the state of Maharashtra are eligible to apply for this scheme. This scheme is completely funded by the Govt. of Maharashtra. The main objective of LIDCOM is to implement various schemes to uplift the lifestyle of Charmakars (Dhor, Chambhar, Holar, Mochi, etc.) who are economically weak and below the poverty line and with an intention to develop them educationally, economically, and socially so as to give them a respectable place in society.","For a maximum loan amount of upto ₹50,000/-, 50% of the amount is given as a subsidy subject to the maximum limit of ₹10,000/-.","The applicant should be a citizen of India. The applicant should be a permanent resident of Maharashtra State. The applicant should be in the 18 to 50 years age group. The applicant should be from Charmakar Community only (Dhor, Chambhar, Holar, Mochi, etc.). The annual income of the family of the applicant should be less than or equal to ₹1,00,000/-. The applicant should have knowledge of the business for which he has applied for the loan.","Step 1: Take the format of the application form from the District Office of LIDCOM. Step 2: Fill in all the mandatory fields, paste the passport-sized photograph (signed across), and attach all the (self-attested) mandatory documents. Step 3: Submit the duly filled and signed application form along with the documents to the District Office. Step 4: Acquire the receipt/acknowledgment of the successful submission of the application form from the District Office.","Aadhaar Card. Proof of Age (Birth Certificate, Marksheet of Class 10th/12th, etc) 2-Passport Sized Photograph (Signed Across) Residential Certificate / Domicile Certificate of the State of Maharashtra. Proofs related to the amount of loan. Income Certificate issued by an Authorised Govt.Officer. Caste Certificate issued by an Authorised Govt.Officer. Details of the Bank Account (Bank Name, Branch Name, Address, IFSC, etc). Any other document required by the District Office of LIDCOM",State,"Banking,Financial Services and Insurance, Social welfare & Empowerment",,"Loan, Subsidy, Scheduled Caste, Banking"
LIDCOM Education Loan Scheme,lels,"Being implemented since the year 2009, the ""Education Loan Scheme"" is a scheme by the Leather Industries Development Corporation (LIDCOM), Govt. of Maharashtra. In this scheme, finance of upto ₹ 20,00,000 is provided for post graduate students in the 18-50 years age group from Charmakar Community for studies in India and in abroad. Only the citizens who are a permanent resident of the state of Maharashtra are eligible to apply to this scheme. This is a Central Government Scheme and the funding for this scheme come from the National Scheduled Castes Finance and Development Corporation, New Delhi (NSFDC). The main objective of LIDCOM is to implement various schemes to uplift lifestyle of Charmakars (Dhor, Chambhar, Holar, Mochi etc.) who are economically weak and below poverty line and with an intention to develop them educationally, economically and socially so as to give them respectable place in Society.","Education Loan up to ₹10,00,000 for post graduate students in India. Education Loan up to ₹20,00,000 for post graduate students in abroad. Rate of Interest for Male Beneficiary: 4% per annum. Rate of Interest for Female Beneficiary: 3.5% per annum.","The applicant should be a citizen of India. The applicant should be a permanent resident of Maharashtra State. The applicant should be from Charmakar Community only (Dhor, Chambhar, Holar, Mochi etc.). The applicant should be in the 18 to 50 years age group. The annual income of the family of the applicant should be less than or equal to Rs.3,00,000/-. The applicant should have a knowledge of the business for which s/he has applied for loan.","Step 1: Take the format of the application form from the District Office of LIDCOM. Step 2: Fill in all the mandatory fields, paste the passport sized photograph (signed across), and attach all the (self-attested) mandatory documents. Step 3: Submit the duly filled and signed application form along with the documents to the District Office. Step 4: Acquire the receipt/acknowledgement of successful submission of the application form from the District Office.","Aadhaar Card. 2-Passport Sized Photograph (Signed Across) Marksheet / Passing Certificate of the Latest Educational Qualification. Proof of Admission : Offer Letter or Admission Letter from the Institution. Conditional admission letter may be considered in case of studies abroad. Residential Certificate / Domicile Certificate of the State of Maharashtra. Income Certificate issued by an Authorised Govt.Officer. Caste Certificate issued by an Authorised Govt.Officer. Details of the Bank Account (Bank Name, Branch Name, Address, IFSC, etc). A/C statement for last 1 year in case of any previous loan from other Banks/Lenders (if any)",State,"Education & Learning, Banking,Financial Services and Insurance, Social welfare & Empowerment",,"Loan, Education, Student, Postgraduation, Scheduled Caste"
LIDCOM Gattai Stall Scheme,lgss,"Being implemented particularly for the (Scheduled Caste) Charmakar Community, the ""Gattai Stall Scheme"" is a scheme by the Leather Industries Development Corporation (LIDCOM), Govt. of Maharashtra. This scheme is being implemented for the Roadsides Cobblers. The scheme provides a 100% subsidy for the erection of a Tin Stall of Size 4’ x 5’ x 6.5’ costing ₹16,367/- per stall and ₹500/- incidental charges. Only citizens who are permanent residents of the state of Maharashtra are eligible to apply for this scheme. This scheme is completely funded by the Govt. of Maharashtra. The main objective of LIDCOM is to implement various schemes to uplift the lifestyle of Charmakars (Dhor, Chambhar, Holar, Mochi, etc.) who are economically weak and below the poverty line and with an intention to develop them educationally, economically, and socially so as to give them a respectable place in society.","The scheme provides a 100% subsidy for the erection of a Tin Stall of Size 4’ x 5’ x 6.5’ costing ₹16,367/- per stall and ₹500/- incidental charges.","The applicant should be a citizen of India. The applicant should be a Roadside Cobbler identified by the Gram Panchayat. The applicant should be a permanent resident of Maharashtra State. The applicant should be in the 18 to 50 years age group. The applicant should be from Charmakar Community only (Dhor, Chambhar, Holar, Mochi, etc.). The annual income of the family of the applicant should be less than or equal to ₹1,00,000/-. The applicant should have knowledge of the business for which he has applied for the loan.","Step 1: Take the format of the application form from the District Office of LIDCOM. Step 2: Fill in all the mandatory fields, paste the passport-sized photograph (signed across), and attach all the (self-attested) mandatory documents. Step 3: Submit the duly filled and signed application form along with the documents to the District Office. Step 4: Acquire the receipt/acknowledgment of the successful submission of the application form from the District Office.","Aadhaar Card. Proof of Age (Birth Certificate, Marksheet of Class 10th/12th, etc) 2-Passport Sized Photograph (Signed Across) Residential Certificate / Domicile Certificate of the State of Maharashtra. Proof of being a Roadside Cobbler (issued by the Gram Panchayat), Income Certificate issued by an Authorised Govt.Officer. Caste Certificate issued by an Authorised Govt.Officer. Details of the Bank Account (Bank Name, Branch Name, Address, IFSC, etc). Any other document required by the District Office of LIDCOM.",State,"Business & Entrepreneurship, Banking,Financial Services and Insurance, Social welfare & Empowerment",,"Business, Subsidy, Entrepreneurship, Banking, Scheduled Caste"
LIDCOM Margin Money Loan Scheme,lmmls,"Being implemented particularly for the (Scheduled Caste) Charmakar Community, the ""Margin Money Loan Scheme"" is a scheme by the Leather Industries Development Corporation (LIDCOM), Govt. of Maharashtra. In this scheme, for a loan limit from ₹50,001 to ₹5,00,000/-, 20% of the Project cost loan as Seed Capital is paid by the Corporation @ 4% interest per annum. A maximum of ₹10,000/- will be paid as a subsidy by Corporation. A 5% amount of project cost will have to be contributed by the beneficiary as his share. Balance 75% of the project cost will be paid by Bank at the existing rate. The said amount of the loan is to be refunded within 36 to 60 monthly installments. ﻿ Only citizens who are permanent residents of the state of Maharashtra are eligible to apply for this scheme. This scheme is completely funded by the Govt. of Maharashtra. The main objective of LIDCOM is to implement various schemes to uplift the lifestyle of Charmakars (Dhor, Chambhar, Holar, Mochi, etc.) who are economically weak and below the poverty line and with an intention to develop them educationally, economically, and socially so as to give them a respectable place in society.","For a loan limit from ₹50,001 to ₹5,00,000/-, 20% of the Project Cost Loan as Seed Capital is paid by the Corporation @ 4% interest per annum. A maximum of ₹10,000/- will be paid as a subsidy by Corporation. A 5% amount of project cost will have to be contributed by the beneficiary as his share. Balance 75% of the project cost will be paid by Bank at the existing rate. The said amount of the loan is to be refunded within 36 to 60 monthly installments.","The applicant should be a citizen of India. The applicant should be a permanent resident of Maharashtra State. The applicant should be in the 18 to 50 years age group. The applicant should be from Charmakar Community only (Dhor, Chambhar, Holar, Mochi, etc.). The annual income of the family of the applicant should be less than or equal to ₹1,00,000/-. The applicant should have knowledge of the business for which he has applied for the loan.","Step 1: Take the format of the application form from the District Office of LIDCOM. Step 2: Fill in all the mandatory fields, paste the passport-sized photograph (signed across), and attach all the (self-attested) mandatory documents. Step 3: Submit the duly filled and signed application form along with the documents to the District Office. Step 4: Acquire the receipt/acknowledgment of the successful submission of the application form from the District Office.","Aadhaar Card. Proof of Age (Birth Certificate, Marksheet of Class 10th/12th, etc) 2-Passport Sized Photograph (Signed Across) Residential Certificate / Domicile Certificate of the State of Maharashtra. Loan-related proofs. Income Certificate issued by an Authorised Govt.Officer. Caste Certificate issued by an Authorised Govt.Officer. Details of the Bank Account (Bank Name, Branch Name, Address, IFSC, etc). Any other document required by the District Office of LIDCOM",State,"Banking,Financial Services and Insurance, Social welfare & Empowerment",,"Loan, Subsidy, Scheduled Caste, Banking"
LIDCOM Training Scheme,lts,"Being implemented particularly for the (Scheduled Caste) Charmakar Community, the ""Training Scheme"" is a scheme by the Leather Industries Development Corporation (LIDCOM), Govt. of Maharashtra. This scheme is being implemented for the students to enable them to start their own businesses, trade, or get a job. Only citizens who are permanent residents of the state of Maharashtra are eligible to apply for this scheme. This scheme is completely funded by the Govt. of Maharashtra. The main objective of LIDCOM is to implement various schemes to uplift the lifestyle of Charmakars (Dhor, Chambhar, Holar, Mochi, etc.) who are economically weak and below the poverty line and with an intention to develop them educationally, economically, and socially so as to give them a respectable place in society.","This scheme is being implemented for the students to enable them to start their own businesses, trade, or get a job. The training includes: a)  Training Programme for Footwear Designing through Footwear Design & Development Institute (FDDI), Fursatganj, Amethi, Uttar Pradesh. b)  Training Programme for Union Public Service Commission (UPSC) and Maharashtra Public Service Commission (MPSC). c)   Smartness Quotient Booster Training Programme.","The applicant should be a citizen of India. The applicant should be a Student. The applicant should be a permanent resident of Maharashtra State. The applicant should be in the 18 to 50 years age group. The applicant should be from Charmakar Community only (Dhor, Chambhar, Holar, Mochi, etc.). The annual income of the family of the applicant should be less than or equal to ₹1,00,000/-. The applicant should have knowledge of the business for which he has applied for the loan.","Step 1: Take the format of the application form from the District Office of LIDCOM. Step 2: Fill in all the mandatory fields, paste the passport-sized photograph (signed across), and attach all the (self-attested) mandatory documents. Step 3: Submit the duly filled and signed application form along with the documents to the District Office. Step 4: Acquire the receipt/acknowledgment of the successful submission of the application form from the District Office.","Aadhaar Card. Proof of Age (Birth Certificate, Marksheet of Class 10th/12th, etc) 2-Passport Sized Photograph (Signed Across) Residential Certificate / Domicile Certificate of the State of Maharashtra. Bonafide Certificate/Proof of Admission from the School/College/Institution. Income Certificate issued by an Authorised Govt.Officer. Caste Certificate issued by an Authorised Govt.Officer. Details of the Bank Account (Bank Name, Branch Name, Address, IFSC, etc). Any other document required by the District Office of LIDCOM.",State,"Business & Entrepreneurship, Skills & Employment, Social welfare & Empowerment",,"Skill, Training, Employment, Entrepreneurship, Scheduled Caste"
Laadli Laxmi Scheme,lls-g,"Laadli Laxmi Scheme was launched on 6th July 2012 as one of the flagship programmes of the Department of Women & Child Development, Government of Goa with the intention to address the undesirable tendency of female foeticides and with an aim towards erasing the general perception that the birth of a girl in the family is the burden on her parents/guardian during her marriage. The objective of the scheme is to financially empower the girl child to meet educational and other expenses on becoming a major of age and to improve the female sex ratio in the State.","For Unmarried Beneficiaries (beneficiaries who attain the age of majority i.e. 18 years on or after 01-04-2012) Financial Assistance of ₹ 1,00,000, by means of a bank fixed deposit, jointly in the name of the Director (DoWCD) and the applicant. The fixed deposit shall be renewed annually automatically on maturity, along with the amount of interest accrued, till the date of claim by the applicant as per the scheme or until the age of 45 years whichever is earlier. ﻿ For Married Beneficiaries ( beneficiaries who have already attained the age of 18 years before 01-04-2012 and are in the age group of 19 to 45 years prospectively from 1st April, 2016) Financial Assistance of ₹ 1,00,000., by means of cash payment.","The applicant should be a Girl. The applicant should be born in the State of Goa OR should be a resident of Goa for the last fifteen years. In case, the applicant is a resident of Goa for the last fifteen years, she should have been educated in Goa for a minimum period of 7 years (continuous). The parental income of the applicant does not exceed ₹ 3,00,000 per annum. The applicant should qualify for ANY ONE of the following three criteria: a)   At least one of the parents of the applicant is born in Goa and is also a resident of Goa for the last fifteen years. b)   One of the parents of the applicant is residing in Goa for the last twenty-five years. ﻿ NOTE: In case the applicant is an affected person of Tillari Irrigation Project (a joint venture of the Government of Goa and the government of Maharashtra) and was rehabilitated in the State of Goa, her application shall be sanctioned if she produces a certificate issued by the Collector, North Goa District relaxing the condition of 10/15 years domicile in the State of Goa for various purposes for her family.","Step 1: In the application form , fill in all the mandatory fields, paste the passport-sized photograph (signed across), and attach copies of all the mandatory documents (self-attest if required). Step 2: The applicant should send the application to: Director, Directorate of Women And Child Development, Panaji-Goa, 2nd floor, Old Education Building, 18th June Road, Altinho, Panaji, Goa - 403 001 . ﻿ ﻿ NOTE: The application shall be submitted within one year, from the date of attaining the age of 18 years or from the date of Civil Marriage Registration. All applications received beyond the specified period of one year shall be rejected.","1.    Birth Certificate (Self-Attested) 2.    Any document as proof (Self-Attested) of 15 years of residence of the applicant in the State of Goa. NOTE: In lieu of the Residence Certificate, the previous School Leaving Certificate and the current Bonafide Student Certificate issued by the recognized Educational Institution in which the girl is presently studying can also be produced. However, in the case of girls who discontinued education at the school level, the gap period i.e., from the time of discontinuation of education till completion of 18 years of age/marriage as the case may be, may be proved by the production of residence certificate. In the case of graduates, the Certificates of passing of Xth, XIIth and Graduation are adequate evidence. 3.    Residence Certificate of the Parent(s) (15 years or 25 years) as the case may be. NOTE: In lieu of the Residence Certificate, any documentary evidence to prove the residence for the specified period can also be produced which may include the: (a) The land records i.e. tenancy rights, mundcarial rights, occupancy rights, etc; (b) Employment certificate; or (c) Any such records to the satisfaction of the Committee. (d) In case of a girl whose father/mother is in service either with the State Government or the Central Government or the public sector undertakings, in lieu of the certificate of residence such applicant may produce the service certificate of 25 years issued by the Head of the Department. However, the girl should be born in Goa and should have studied in Goa up to class 10th. 4.    Birth Certificate of the parent(s). NOTE: If no birth certificate is available one of the following documents can be produced showing the details namely the date and place of Birth of the parent(s): (a) Baptism certificate; (b) School leaving certificate of the parent(s) etc; (c) Any document which establishes that one of the grandparents of the girl has lived in Goa around the time of the date of birth claimed by the parent(s); (d) Any such records, which establish the date of birth of the parent(s). 5.    Aadhaar card (for the applicants after 01-04-2013). However, the Government by separate Order may relax the requirement of producing the Aadhaar card and such other certificate(s), for a further period of time, as may be prescribed in the said Order. 6.    A Self-Declaration in the format as given in “Annexure II” to this scheme. 7.    Annual Income Certificate of parents of the immediate previous financial year at the time of submission of application, issued by the Competent Authority. The Income Certificate shall include the annual income of the mother and father of the applicant taken together and not the income of the family. ﻿ NOTE: If the applicant fulfils all the criteria and has submitted all her documents required as per the scheme but is unable to furnish her parent's documents due to the death of both parents, such an application shall be sanctioned if the applicant submits her 15 years of residence certificate and birth certificate along with death certificates of both parents. Submission of parental income certificate in case of such applicants shall be waived off. ﻿ Additional Documents In case of those beneficiaries who have already attained the age of 18 and above before 01-04-2012 and have got/are getting married hereinafter, may apply along with the attested copy of the Civil Marriage Registration Certificate (which may also include the first registration certificate) provided the certificate is dated on or after 01-04-2012 only.",State,"Social welfare & Empowerment, Women and Child",,"Girl, Marriage, Financial Assistance, Social Welfare"
Long Term-Loan to SC Co-op Spinning Mills under Special Component Plan,ltltscosmuscp,"The scheme ""Long Term-Loan to SC Co-op Spinning Mills under Special Component Plan"" was introduced by the Department of Social Justice & Special Assistance, Government of Maharashtra. The scheme aims to promote the development of spinning mills owned by scheduled caste members by providing funding in the form of a loan that covers 50% of the project cost.",A loan covering 50% of the project cost.,"The spinning mill must collect a minimum of ₹80,00,000/- or at least 5% of the project cost as member shares. The project submitted by the spinning mill must be enumerated by recognized financial institutions/banks, which will also check the project report. Recognized Institutions for Enumeration Maharashtra Industrial & Technical Consultancy Organization Ltd. (MITCON), Pune. Agriculture Financial Corporation, Mumbai. Dattajirao Technical Institute, Ichalkaranji. NOTE 1: Ensure that all financial contributions and project details are documented and verifiable. NOTE 2: The spinning mill should engage with recognized institutions early in the project planning phase to facilitate a smooth enumeration process. NOTE 3: Proper financial management is essential to meet the project cost and member share requirements.","Step 1: The interested applicant should visit (during office hours) the Textile Department, Government of Maharashtra and request a hard copy of the prescribed format of the application form from the concerned authority. Step 2: In the application form, fill in all the mandatory fields, paste the passport-sized photograph (signed across, if required), and attach copies of all the mandatory documents (self-attest, if required). Step 3: Submit the duly filled and signed application form along with the documents, within the prescribed period (if any), to the Textile Department. Step 4: Request a receipt or acknowledgement from the concerned authority to whom the application has been submitted. Ensure that the receipt contains essential details such as the date and time of submission, and a unique identification number (if applicable). Step 5: After approval and sanction of share capital, proceed to submit the application to the Assistant Commissioner, District Social Welfare Office, where the Social Welfare Department will sanction the loan. NOTE: Ensure that the application is submitted within the prescribed period, if any.","Passport-sized photograph (signed across). Recent financial statements of the spinning mill. Detailed project report enumerated by a recognized financial institution. Identity proof, address proof, and any other required documents, all self-attested. Any prior approvals from the Textile Department. Any other documents as specified by the concerned authority.",State,"Banking,Financial Services and Insurance, Business & Entrepreneurship",,"Scheduled Caste, Social Welfare, Loan, Financial Assistance, Mill, SC"
Mahatma Jyotirao Phule Jan Arogya Yojana,mjpjay,"The Mahatma Jyotirao Phule Jan Arogya Yojana (MJPJAY), launched by the Government of Maharashtra under  Public Health and Family Welfare Department,The scheme provides cashless medical services for secondary and tertiary treatments through empaneled hospitals. Initially targeted at low-income families, the scheme now covers all families in the state, offering up to ₹1.5 lakh under MJPJAY and ₹5 lakh under Ayushman Bharat annually. From 1st July 2024, it ensures comprehensive, cashless healthcare for the entire population of Maharashtra. ﻿","Health Coverage for Categories A to E (Excluding D): ₹5 lakhs per family per year on a floater basis under both schemes. Health Coverage for Category D: ₹1 lakh per person per year. ﻿ Medical Benefits • For categories A to E (Excluding D) - 1356 Health Benefits Packages under 34 specialities. • For category D – 184 Health Benefits Packages for Road accident patients. Follow-up treatment 262 Health Benefits Packages for both schemes (for categories A to E) Treatment Reserved for Govt. Hospitals 119 Health Benefits Packages for both the schemes (for categories A to E) Benefits under Health Packages The health packages provide comprehensive coverage, ensuring a cashless treatment experience for patients. The benefits include: Hospitalization Costs Bed charges in general wards. Nursing and boarding charges. Surgeons, anaesthetists, medical practitioners, and consultants' fees. Medical Expenses Charges for oxygen, O.T., and ICU facilities. Cost of surgical appliances, drugs, disposables, consumables, implants, and prosthetic devices. Expenses for blood transfusion (as per State Government policy). Diagnostics and Support Services X-rays and diagnostic tests. Food for inpatients during hospitalization. Transportation Costs One-time transport cost by State Transport or second-class rail fare from the hospital to the patient’s residence. In the unfortunate event of a patient's death, the cost of transporting the deceased's body from the network hospital to their village or township. The package covers all costs from the date of reporting to discharge, including treatment complications, ensuring a truly cashless experience for patients. ﻿ Scheme on Assurance Mode The Integrated Scheme is being implemented on an Assurance Basis. This means that the claims of the network hospitals for the expenses of the patients undergoing treatment under the scheme are being paid directly by the State Health Assurance Societies to the respective network hospitals. Accordingly, the State Health Assurance Society is paying claims up to ₹5 lakh per family per year of groups A, B, C and E and ₹1 lakh per person per year for road accident victims of group D.","Category A: Families holding Yellow, Antyodaya Anna Yojana (AAY), Annapurna Yojna and Orange Ration Card. Category B • White ration card holder families (including Govt./Semi Gov employees). • A family without having any kind of ration card but having domicile certificate of Maharashtra Category C • Students in Govt. and Govt. recognized Ashram School • Children in Govt. and Govt. recognized Orphanages • Women in Govt. and Govt. recognized Women's Ashram • Sr. citizens in Govt. and Govt. recognized old age homes • Journalists and their dependent family members as per criteria of Directorate General of Information and Public Relations Office. • Construction workers and their families (who are resident of outside of Maharashtra) registered with Maharashtra Building and Other Construction Workers Board. Category D Road traffic accident victims from outside Maharashtra and outside India who met with an accident on roads in Maharashtra Category E Families holding below mentioned ration cards from 865 villages of Belgaon, Karwar, Kalburgi and Bidar Districts of Maharashtra- Karnataka border 1) Antyodaya Anna Yojana (AAY) 2) Priority House Holder (PHH) 3) Annapurna Yojna","Step 1: The interested applicant should visit the  any Govt./Pvt. network hospital in State, and request the hard copy of the prescribed format of the application form from the concerned authority. Step 2: In the application form, fill in all the mandatory fields, paste the passport-sized photograph (signed across, if required), and attach copies of all the mandatory documents (self-attest, if required). Step 3: Submit the duly filled and signed application form along with the documents, within the prescribed period (if any), to the authority. Step 4: Request a receipt or acknowledgement from the concerned authority to whom the application has been submitted. Ensure that the receipt contains essential details such as the date and time of submission, and a unique identification number (if applicable). NOTE: Ensure that the application is submitted within the prescribed period, if any. Note 1: The claim settlement module along with electronic clearance and the payment gateway will be part of the workflow in the State Health Assurance Society (SHAS) portal and will be operated by the Insurer. Note 2: The reports will be available for scrutiny on the State Health Assurance Society (SHAS) login. ﻿",List of valid photo ID proofs to be accepted along with document of eligible criteria: 1. Aadhaar Card or Aadhaar Registration Slip with a photo of the beneficiary. An Aadhaar Card would be insisted upon as an identification document and in the absence of an Aadhaar card/number; any document that is accepted for issuance of an Aadhaar card will also be accepted. 2. Pan Card 3. Voter ID 4. Driving License 5. School/College Id 6. Passport 7. Freedom Fighter ID card 8. Health Card of RGJAY / MJPJAY 9. Handicap Certificate 10. Nationalized Bank Passbook with Photo 11. Senior citizen card issued by the Central Government or State Government 12. Defense ex-servicemen card issued by Sainik Board 13. Marine Fishery Identity card (Issued by Ministry of Agriculture / Fisheries Department Government of Maharashtra). 14. Any photo ID proof issued by the Government of Maharashtra/ Government of India,State,Health & Wellness,,"Hospital, Health Insurance, Cashless Service, Diseases, Hospital"
Mahila Kisan Yojana (Maharashtra),mkym,"The scheme ""Mahila Kisan Yojana"" is implemented by the Department of Social Justice & Special Assistance, Government of Maharashtra, in collaboration with the National Scheduled Castes Finance and Development Corporation (NSFDC). The scheme aims to uplift the lifestyle of economically disadvantaged Charmakar communities (such as Dhor, Chambhar, Holar, and Mochi). The scheme promotes educational, economic, and social development to ensure a respectable place in society. Additionally, it supports the production and sale of various types of footwear and leather articles to government departments and the open market.","Total Loan Amount: The scheme provides financial assistance of ₹50,000 for eligible female beneficiaries. Subsidy Provided: A subsidy of ₹10,000 is granted, reducing the effective loan burden on the beneficiary Loan Component: The remaining ₹40,000 is provided as a loan with an affordable interest rate of 5% per annum.","The applicant should be a permanent resident of Maharashtra. The applicant should be a female. The applicant should belong to the Charmakar Community. The applicant's age should be between 18 to 50 years. The applicant must have knowledge of the business for which they are applying for a loan. The applicant must have her own name, or joint name with her husband, or her husband’s name (with affidavit) on the 7/12 land extract for agricultural project loans. For the 50% Subsidy Scheme and Margin Money, her annual income must be below the poverty line. For the NSFDC Scheme, the income limit is ₹98,000 for rural areas and ₹1,20,000 for urban areas.","Step 1: The interested applicant should visit (during office hours) the District Office of  Leather Industries Development Corporation of Maharashtra (LIDCOM),  and request the hard copy of the prescribed format of the application form from the concerned authority. Step 2: In the application form, fill in all the mandatory fields, paste the passport-sized photograph (signed across, if required), and attach copies of all the mandatory documents (self-attest, if required). Step 3: Submit the duly filled and signed application form along with the documents, within the prescribed period (if any), to the District Office of  Leather Industries Development Corporation of Maharashtra (LIDCOM). Step 4: Request a receipt or acknowledgement from the concerned authority to whom the application has been submitted. Ensure that the receipt contains essential details such as the date and time of submission, and a unique identification number (if applicable). NOTE: Ensure that the application is submitted within the prescribed period, if any.","Completed application form from the LIDCOM District Office. Recent passport-size photograph. Valid Income Certificate (issued by an authorized government officer). Caste Certificate (Charmakar Community). Proof of Residence (Maharashtra). 7/12 Land Extract: Applicant’s name, joint name with husband, or husband’s name (with affidavit) for agricultural loans. Knowledge or experience proof relevant to the proposed business/project.",State,"Social welfare & Empowerment, Skills & Employment, Women and Child",,"Employment, Charmakar, Subsidy, Loan, Woman, Scheduled Caste, Farmer"
Mahila Samridhi Yojana (Maharashtra),msym,"The scheme ""Mahila Samridhi Yojana"" is administered by the Department of Social Justice & Special Assistance, Government of Maharashtra, and funded by the National Scheduled Castes Finance and Development Corporation (NSFDC). The scheme aims to uplift economically weaker women from the Charmakar Community. The scheme focuses on providing educational, economic, and social development to ensure a respectable position in society for Charmakars (Dhor, Chambhar, Holar, Mochi, etc.). Eligible female beneficiaries from the Charmakar Community are granted loans ranging from ₹25,000/- to ₹50,000/- at a low interest rate of 4% per annum.","Loan ranging from ₹25,000/- to ₹50,000/- is provided at a low interest rate of 4% per annum.","The applicant should be a female. The applicant should belong to the Charmakar Community. The applicant's age should be between 18 and 50 years. The applicant should be a permanent resident of Maharashtra. The applicant must have knowledge of the business for which the loan is being applied. For the 50% Subsidy Scheme and Margin Money, the applicant's annual income must be below the poverty line. For the NSFDC Scheme, the applicant's annual income should be below ₹98,000 for rural areas and ₹1,20,000 for urban areas. Relaxation/Preference/Priority Widows and divorcees are given priority.","Step 1: The interested applicant should visit (during office hours) the District Office of LIDCOM and request the hard copy of the prescribed format of the application form from the concerned authority. Step 2: In the application form, fill in all the mandatory fields, paste the passport-sized photograph (signed across, if required), and attach copies of all the mandatory documents (self-attest, if required). Step 3: Submit the duly filled and signed application form along with the documents, within the prescribed period (if any), to the District Office of LIDCOM. Step 4: Request a receipt or acknowledgement from the concerned authority to whom the application has been submitted. Ensure that the receipt contains essential details such as the date and time of submission, and a unique identification number (if applicable). NOTE: Ensure that the application is submitted within the prescribed period, if any.",The applicant must provide an income and caste certificate issued by an authorized government officer.,State,"Banking,Financial Services and Insurance, Women and Child",,"Woman, Charmakar, Subsidy, Widow, Divorcee"
Maintenance Allowance To Backward Class Students Under Training In Sainik Schools,mabcstss,"The scheme “Maintenance Allowance to Backward Class Students Under Training in Sainik School” is a Scholarship Scheme by the Social Justice and Special Assistance Department, Government of Maharashtra. VJNT and SBC students are paid maintenance so that a maximum number of students can be admitted to Sainik School with a view to seeking admission in N.D.A. The State Government introduced in 2003-04 the scheme to create self-employment for unemployed youths and students of VJNT and SBC who apply for Vocational Training. He will be given Vocational Training in Government I.T.I and undergo short-duration vocational training courses. The short-duration vocational courses will enable the youths to create their own employment in the service sector.","The training fees ₹400/- to ₹2400/- (as per course) are paid to the concerned I.T.I. After completion of training, one Tool Kit of ₹1000/- is provided to the trainee through the concerned Govt. I.T.I. ﻿","1)	The applicant should be a citizen of India. 2)	The applicant should be a domicile / permanent resident of the state of Maharashtra. 3)	The applicant should belong to Vimukta Jatis, Nomadic Tribes, or Special Backward Class. 4)	The applicant should be studying in Classes 5th to 12th. 5)	The applicant should be studying in a Sainik School recognized/approved by the Govt. of Maharashtra. 6)	The applicant should not already be availing the benefits of the scheme. ﻿","Step 1: Visit the official website of Aaple Sarkar / Maha DBT . ﻿ Step 2: Click on ""New Applicant Registration"". Register using your Name, Mobile Number, and Email ID. Create a Username and Password. Your Mobile Number and Email ID will be verified via OTP. ﻿ Note: The username should contain only alphabets and numbers. The username should be greater than 4 characters and less than 15 characters. ﻿ Note: Password Length should be a minimum of 8 characters and a maximum of 20 characters. Password must contain at least 1 UpperCase Alphabet, 1 LowerCase Alphabet, 1 Number, and 1 Special Character. ﻿ Step 3: Now visit Login Page and login using your Username and Password. ﻿","1)	The applicant should be a citizen of India. 2)	The applicant should be a domicile / permanent resident of the state of Maharashtra. 3)	The applicant should belong to Vimukta Jatis, Nomadic Tribes, or Special Backward Class. 4)	The applicant should be studying in Classes 5th to 12th. 5)	The applicant should be studying in a Sainik School recognized/approved by the Govt. of Maharashtra. 6)	The applicant should not already be availing the benefits of the scheme. ﻿",State,"Education & Learning, Social welfare & Empowerment",,"Vimukta Jatis, Nomadic Tribes, Other Backward Class, School, Social Welfare, Allowance"
Maintenance Allowance To VJNT And SBC Students Studying In Professional Courses And Living In Hostel Attached To Professional Colleges,pmavssspc,"The government of Maharashtra introduced the scheme to complete the education of V.J.N.T and S.B.C students who are students of professional courses such as Medical, Engineering, Animal Husbandry, etc. Professional courses are divided into A, B, and C categories and accordingly, maintenance allowance is given to the students through the concerned Principal of the college. For 4 to 5 years course (Medical, Engineering, Agriculture, etc.) Rs. 700/- per month, for 2 to 3 years course (Engineering Dip., M.B.A, M.S.W, etc.) Rs. 500/- and for 2 years and lesser duration courses (B.Ed., D.Ed.) Rs. 500/- per month for 10 months as maintenance allowance in addition to other Government Scholarships.","Professional courses are divided into A, B, and C categories and accordingly, maintenance allowance is given to the students through the concerned Principal of the college. For 4 to 5 years course (Medical, Engineering, Agriculture, etc.) Rs. 700/- per month, for 2 to 3 years course (Engineering Dip., M.B.A, M.S.W, etc.) Rs. 500/- and for 2 years and lesser duration courses (B.Ed., D.Ed.) Rs. 500/- per month for 10 months as maintenance allowance in addition to other Government Scholarships.","Students should belong to VJNT or SBC category. Students should be studying in professional courses such as Medical, Engineering, Animal Husbandry, etc. Students should submit an Application form for admission in Govt. Hostel. Students should have been admitted to the hostels attached to professional colleges or approved private hostels.","Step 1: Visit the official website to register yourself by clicking on “ New Applicant registration ” and fill in all the mandatory details (Applicant’s Name, Username, Password, Email, and Mobile Number) ﻿ ﻿ ﻿ Step 2: Now, you may Login by filling Login details . ﻿ ﻿ Step 3: Create your profile by filling in all your updated personal details like address, qualifications, etc. Step 4: After filling in 100% of the profile information, you may apply for the eligible schemes. After Scrutiny concerned college should forward his application to the concerned Asstt. Commissioner Social Welfare for sanction. ﻿","Aadhaar Number. Domicile Certificate of Maharashtra. Caste Certificate VJNT or SBC Community (duly signed by an authorized Revenue Officer, not below the rank of Tehsildar). Family Income Certificate. Marksheet of the Latest Educational Qualification. Bank Account Details. Passport-sized Photograph.",State,Social welfare & Empowerment,,"Maintenance, Vimukta Jati And Nomadic Tribes, Special Backward Classes, Professional Courses, Education"
Matrimonial Incentives,mi-maha,"The ""Matrimonial Incentives"" is a scheme by the Department of Social Justice & Special Assistance, Govt. of Maharashtra. In this scheme, if a Person with Disability (PwD) gets married to a non-disabled person, then the couple is provided a marriage incentive of up to ₹ 50,000. Only citizens who are permanent residents of the state of Maharashtra are eligible to apply for this scheme. This scheme is 100% funded by the Govt. of Maharashtra.","The eligible couple will get up to ₹ 50,000/- as financial assistance. The nature of financial assistance is as below – Saving Certificate of ₹ 25,000/-. ₹ 20,000/- in cash. ₹ 4,500/- in the form of household utility. ₹ 500/- to attend the marriage incentive program.","The applicant should be a citizen of India. The applicant should be a permanent resident of Maharashtra State. The applicant should be a Person with Disability (Visually Handicapped, Low Vision, Hearing Impaired, Orthopedically Handicapped, etc). The percentage of the disability should be 40% or above. The applicant should have been married to a non-disabled person.","Step 1: Visit the District Social Welfare Office , and request a hard copy of the format of the application form for the scheme from the concerned authority. Step 2: In the application form, fill in all the mandatory fields, paste the passport-sized photograph (signed across), and attach all the (self-attested) mandatory documents. Step 3: Submit the duly filled and signed application form along with the documents to the District Social Welfare Office. Step 4: Acquire the receipt/acknowledgment of the successful submission of the application form from the District Social Welfare Office.","Aadhaar Card 2-Passport Sized Photograph (Signed Across). Residential Certificate / Domicile Certificate of the State of Maharashtra. Disability Certificate. Details of the Bank Account (Bank Name, Branch Name, Address, IFSC, etc). Proof of Age (Birth Certificate, Marksheet of Class 10th/12th, etc). Proof of Marriage. Any other document required by the District Social Welfare Office.",State,"Social welfare & Empowerment, Banking,Financial Services and Insurance",,"Person With Disability, Marriage, Incentive, Financial Assistance, Social Welfare"
Medical Assistance for the Treatment of Critical Illness,matci,"The ""Medical Assistance for the Treatment of Critical Illness"" scheme was launched by the Maharashtra Building And Other Construction Workers Welfare Board (MBOCWW), Labour Department Maharashtra. Under this scheme, medical assistance of ₹1,00,000/- for the treatment of serious ailments for registered worker and his/her family members. (the benefit can be availed only after 26th July 2014 as the benefit is covered under the Mediclaim & Personal Accident Insurance scheme). ﻿","Financial assistance of ₹1,00,000/- is provided for medical treatment.",The worker must be engaged in building or construction work. The worker should be registered under the Maharashtra Building and Other Construction Workers Welfare Board (MBOCWW). The worker or family member must be undergoing treatment for a serious illness or critical medical condition.,"Step-1: The interested applicant downloads the application form from the MBOCWW official website. Step-2: In the application form, fill in all the mandatory fields, and attach copies of all the mandatory documents (self-attest, if required). Step-3: Submit the duly filled and signed application form along with the documents to the Labor Commissioner / Government Labor Officer. Step-4: Request a receipt or acknowledgment from the concerned authority to whom the application has been submitted. Ensure that the receipt contains essential details such as the date and time of submission, and a unique identification number (if applicable). ﻿",Passport-size Photo. Aadhaar Card. Identity Card of Maharashtra Building and Other Construction Workers Welfare Board. Bank Passbook. Medical Certificate (issued by competent medical authorities about serious illness). Medical Treatment Papers. Proof of Residence (One of Aadhaar Card/Passport/Driving Licence/Ration Sheet/Last Month's Electricity Bill/Gram Panchayat Certificate). ﻿,State,Health & Wellness,,"Financial Assistance, Illness, Construction Worker, Medical Treatment"
Merit Awards,ma-maha,"The ""Merit Awards"" is a scheme by the Department of Social Justice & Special Assistance, Govt. of Maharashtra. In this scheme, awards are given to the students with disability who rank 1st, 2nd, and 3rd among disabled students in the Secondary School Certificate (S.S.C.) and Higher Secondary Certificate (H.S.C.) in their respective divisional boards of education. Only citizens who are permanent residents of the state of Maharashtra are eligible to apply for this scheme. This scheme is 100% funded by the Govt. of Maharashtra.","The quantum of the award is ₹1,000/- cash amount, certificate. The beneficiary is also provided travel expenses to attend the place of the award, and felicitation up to an amount ₹100/- per student.","The applicant should be a citizen of India. The applicant should be a permanent resident of Maharashtra State. The applicant should be a Person with Disability (Visually Handicapped, Low Vision, Hearing Impaired, Orthopedically Handicapped, etc). The applicant should have ranked 1st, 2nd, and 3rd among disabled students in the Secondary School Certificate (S.S.C.) and Higher Secondary Certificate (H.S.C.) in their respective divisional boards of education.","Step 1: Visit the District Social Welfare Office , and request a hard copy of the format of the application form for the scheme from the concerned authority. Step 2: In the application form, fill in all the mandatory fields, paste the passport-sized photograph (signed across), and attach all the (self-attested) mandatory documents. Step 3: Submit the duly filled and signed application form along with the documents to the Regional Deputy Commissioner, District Social Welfare Office. Step 4: Acquire the receipt/acknowledgment of the successful submission of the application form from the District Social Welfare Office.","Proof reg. the Latest Educational Qualification. Proof of securing 1st, 2nd, and 3rd among disabled students in the Secondary School Certificate (S.S.C.) and Higher Secondary Certificate (H.S.C.) in their respective divisional boards of education. Bonafide Certificate from the Institution. Aadhaar Card. 2-Passport Sized Photograph (Signed Across). Residential Certificate / Domicile Certificate of the State of Maharashtra. Disability Certificate. Details of the Bank Account (Bank Name, Branch Name, Address, IFSC, etc). Any other document required by the District Social Welfare Office.",State,"Social welfare & Empowerment, Education & Learning",,"Education, Award, Student With Disability, School"
Meritorious Scholarships To Vjnt And Sbc Students Studying In Secondary Schools,msvss,The government of Maharashtra introduced the scheme of Meritorious Scholarships to VJNT and SBC students studying in Secondary Schools. To motivate Backward Class students for education. The students will get ₹ 200/- for 5th to 7th and ₹ 400/- for 8th to 10th standard per annum.,The students will get ₹ 200/- for 5th to 7th standard per annum. The students will get ₹ 400/- for 8th to 10th standard per annum.,Students who secured more than 50 percent marks in the previous year’s annual examination and stood first or second in the class. He should belong to VJNT / SBC category. He should be studying in 5th to 10th standard. There is no income limit for this scholarship.,"The students should contact the school principal for application. The application will be submitted by Head Master of the concerned School through the concerned Block Education Officer to District Social Welfare Officer, Zillah Parishad concerned. For Mumbai City, only proposals are to be submitted to the Assistant Commissioner of Social Welfare, Mumbai City.",Caste Certificate Domicile Certificate Residence Proof Aadhar card Bank Details School Marksheet Passport size photograph,State,Social welfare & Empowerment,,"Students, Vimukta Jati And Nomadic Tribes, Special Backward Class, Scholarship"
Micro Credit Finance,mcf,"The ""Micro Credit Finance"" scheme, implemented by the Department of Social Justice & Special Assistance of the Government of Maharashtra and funded by the National Scheduled Castes Finance and Development Corporation (NSFDC), aims to uplift the lifestyle of economically disadvantaged Charmakars (Dhor, Chambhar, Holar, Mochi, etc.) who are below the poverty line. This initiative focuses on developing their educational, economic, and social standing, enabling them to secure a respectable place in society while promoting the production of various footwear and leather articles for government supply and open market sales.","Financial support ranging from ₹25,000 to ₹50,000 to invest in income-generating activities. A low interest rate of 5% per annum, making it easier to repay the loan. ₹10,000 provided as a subsidy to reduce the financial burden.","The applicant should belong to the Charmakar Community. The applicant should be between 18 to 50 years of age. The applicant should be a permanent resident of Maharashtra. The applicant should belong to a Below Poverty Line (BPL) category. The applicant should be able to provide an Income and Caste Certificate from an authorized government officer. The applicant must have knowledge of the business for which they are applying for the loan. For the 50% Subsidy Scheme and Margin Money, the annual income must be below the poverty line. For the NSFDC Scheme, the annual income should be ₹98,000 for rural areas and ₹1,20,000 for urban areas.","Step 1: The interested applicant should visit (during office hours) the District Office of the Leather Industries Development Corporation of Maharashtra (LIDCOM), and request the hard copy of the prescribed format of the application form from the concerned authority. Step 2: In the application form, fill in all the mandatory fields, paste the passport-sized photograph (signed across, if required), and attach copies of all the mandatory documents (self-attest, if required). Step 3: Submit the duly filled and signed application form along with the documents, within the prescribed period (if any), to the concerned authority. Step 4: Request a receipt or acknowledgement from the concerned authority to whom the application has been submitted. Ensure that the receipt contains essential details such as the date and time of submission, and a unique identification number (if applicable). NOTE: Ensure that the application is submitted within the prescribed period, if any.",Passport-size photograph Aadhaar Card Income certificate Caste certificate Residence proof Bank passbook/bank details Any other documents as required,State,"Banking,Financial Services and Insurance, Business & Entrepreneurship",,"BPL, Below Poverty Line, Financial Assistance, Employment, Credit"
Mukhyamantri - Majhi Ladki Bahin Yojana,mmlby,"The ""Mukhyamantri - Majhi Ladki Bahin Yojana"" scheme was launched by the Women and Child Development Department, Government of Maharashtra. The scheme aims to give economic freedom to women in the state age group of 21 to 65 years, improving their health and nutrition and strengthening their decisive role in the family. The women will get a financial benefit of ₹1,500/- through direct benefit transfer (DBT).","Financial Assistance of ₹1,500/- per month.","The applicant should be a female. The applicant should be a resident of Maharashtra state. The applicant's age should be between 21-65 years. The applicant should have their bank account with an Aadhaar link. The annual income of the applicant's family should not exceed ₹2,50,000/-. Outsourced employees, voluntary workers, and contract workers with income up to ₹2,50,000/- are eligible. The applicant should be any one of the following: Married Woman Widowed Divorced Woman Abandoned and Destitute Women One Unmarried Woman in the family","Registration Process: Step 01: The interested applicant visit the official website . Step 02: Select "" Applicant Login "" and click on "" Create Account ."" Step 03: Complete the registration form with the following details: Full Name as per Aadhaar, Mobile No, Password, Confirm Password, District, Taluka, Village, Municipal Corporation / Council, Authorized Person & Accept Terms and Conditions. Step 04: Enter the Captcha code and click ""Sign-up."" You will receive an OTP. Step 05: Enter the OTP and the Captcha code again. Step 06: Click "" Verify the OTP "" to receive a message confirming that your login was successful. ﻿ Application Process: Step 01: Log in to the portal using your Mobile number, Password, and Captcha to log in. Step 02: Click on "" Application of Mukhyamantri - Majhi Ladki Bahin Yojana "" and enter your Aadhaar Number and Captcha. Step 03: Click on "" Valid Aadhaar "" and complete the registration form with the applicant's name, bank details, and permanent address. Step 04: Upload relevant documents such as an Aadhaar card, Domicile certificate, Ration card, etc. Step 05: Click "" Submit "" to receive your application ID via SMS. ﻿ Check the Status: Step 01: Log in to the portal using your Mobile number, Password, and Captcha to log in. Step 02: Click on "" Applications Made Earlier "" to view the status of your applications.","Photograph of the Beneficiary Woman Aadhaar Card Domicile Certificate (If the Domicile Certificate is not available, any one of the following can be submitted: Ration Card issued before 15 years, Voter ID card issued before 15 years, Birth Certificate, or School Leaving Certificate). For Women Born Abroad (Submit the Husband's Ration Card issued before 15 years, Voter ID card issued before 15 years, Birth Certificate, School Leaving Certificate, or Domicile Certificate). Income Certificate (Not required if the woman has a Yellow or Orange Ration Card. Required if the woman has a White Ration Card or no Ration Card). Marriage Certificate (If your name is not listed on the Ration Card and you are newly married, your husband’s Ration Card can be used as proof of income) Bank Account Details (account should be Aadhaar-linked) Affirmation Letter",State,"Social welfare & Empowerment, Women and Child",,"Female, Financial Assistance, Health, Nutrition"
Mukhyamantri Yuva Karya Prashikshan Yojana,mmykpy,"The Mukhyamantri Yuva Karya Prashikshan Yojana scheme was launched by the Department of Skill, Employment, Entrepreneurship and Innovation to enhance candidates' employability through practical training with entrepreneurs. The scheme budget of ₹5,500 crore, and the training programs for approximately 10 lakh candidates per year. ﻿ Training Duration: Job Training will be for 6 months. ﻿","Stipend: 12th Pass - 6,000/- ITI / Diploma - 8,000/- Degree / Post Graduation - 10,000/- ﻿ Note: Stipends are transferred directly to trainees' bank accounts linked with Aadhaar. ﻿",The candidate should be a resident of Maharashtra. The candidate's age should be between 18 to 35. The candidate should have minimum education criteria of 12th Pass/ITI/Diploma/Graduation/Post Graduation. The candidate should be registered with Aadhaar. The candidate's bank accounts should be linked with Aadhaar. ﻿ ﻿,"Registration Process for Candidate: Go to the official CMYKPY website for job seeker registration and click on “ Intern Login ”. Use your Aadhaar number as the username for your account. Fill in your full name, date of birth, gender, email, and mobile number. Create a secure password and confirm it. After completing all required fields, submit the registration form to finish the process. ﻿ Log In Process: Fill Your Aadhar Number as a User Name and Password. Complete your profile details, and fill in the personal, address, qualification, and bank details. Upload the photo, qualification document, birth certificate, etc. Click on “Submit” and apply for the job. ﻿",Passport-size Photograph Aadhaar Card Bank Passbook or Cancelled Cheque Living Certificate Birth Certificate Education Certificate Domicile Certificate or SSC Passing Certificate ﻿,State,Skills & Employment,,"Vocational Training, Specially-Abled Person, Student, Stipend"
Namo Shetkari Mahasanman Nidhi Yojana,namo-shetkari-mahasanman-nidhi-yojana,"•	Under this scheme an amount of Rs. 6000/- will be transferred annually in three equal instalments •	Government Resolution No Kisani-2023/CR 42/11 A dated 15/06/2023 has been issued regarding the scheme. •	Farmers which are eligible for PM Kisan Yojana will be eligible for the benefit of ""Namo Shetkari Mahasanman Nidhi Yojana"" ﻿","1) Eligible Farmers families as per PM KISAN will be Benefited Rs. 2000/- per Instalment. 2) The beneficiaries benefited in PM KISAN will get the benefit of NSMNY. 3) The NSMNY beneficiaries will be benefited from the list provided by GoI. 4) First instalment of NSMNY is given as per the list of 14th instalment of PMKISAN. 5) Eligible farmers family will get Rs. 2000/- from PMKISAN & NSMNY at each instalment. 6) Eligible farmers will get Rs. 12,000/- in a year from both PM KISAN & NSMNY schems. 7) Farmers will be benefited through DBT. 8) The benefit of the NSMNY will be credited only in Aadhar linked bank accounts. 9) The benefit credited to the ineligibles in NSMNY will be recovered as per the SoP of PMKISAN ﻿","Cultivable land holding farmers families (comprising of husband, wife and minor children) having land holding on dated 01.02.2019 are eligible for both PM KISAN & NSMNY scheme.",Step 01: Self Registration on PMKISAN Portal Step 02: Verification of eligibility of registered beneficiary. Step 03: Approval at Taluka Nodal Officer level. Step 04: Approval at District Nodal Officer level. Step 05: Final Approval at State Nodal Officer level. Note : - No need of approval at district and state level in case of direct registration at TNO login. ﻿,"1.	Aadhar Card, 2.	7/12, 3.	8-A, 4.	Ferfar, 5.	Ration card etc ﻿",State,"Agriculture,Rural & Environment",,"PM KISAN TOP UP, Direct Benefit Transfer, Agriculture Land Holder, Family Scheme"
Nanaji Deshmukh Krishi Sanjivani Prakalp,pocra,"The Nanaji Deshmukh Krishi Sanjivani Prakalp was conceptualised by the Department of Agriculture, Government of Maharashtra and the World Bank to develop a drought-proofing and climate-resilient strategy for the agriculture sector as a long-term and sustainable measure, to address the likely impacts of climate variabilities and climate change. The project focuses on the evidence-based scientific implementation of this plan. ﻿ The project has introduced transformational changes in the agriculture sector by scaling up the adoption of climate-smart technologies and practices at the farm and micro-watershed level, contributing to drought-proofing and creation of new opportunities in villages worst hit by drought and salinity/sodicity affected villages in the state. The project is supporting investments by farmers, farmers’ collectives, and communities for accessing water, optimal utilization of natural resources, value addition of agriculture commodities, and adoption of climate-resilient agriculture technologies. The project has taken a gender-sensitive approach to prioritize the needs of the women stakeholders in the planning and implementation of project interventions which is being driven through “Krushi Tais” (female mobilizers) at the village level. ﻿ Direct Benefit Transfer portal and mobile application allow farmers to apply for matching grants for their farm-level investments aimed at improving incomes. The DBT portal is a workflow-based end to end online system through which the project officials can verify the eligibility and assets created and transfer the matching grants directly to the farmer’s Aadhar linked bank account. Another module of this portal allows the farmers’ collectives to receive matching grants for their value chain based agribusiness proposals. ﻿","1)	Back ended financial subsidies for Farmers to adopt climate resilient agricultural initiatives in their farms 2)	Financial assistance available for protected cultivation techniques such as Poly House, Poly Tunnels, etc. 3)	Subsidy also available for on farm water conservation activities such as Drip, Sprinklers, Farm Pond, Farm Pond linings, etc. 4)	Climate Resilient seed production also covered 5)	Special assistance for Farmer Producing Organizations/companies and Self Help Groups 6)	Disbursement through Aadhaar enabled payment system 7)	Privilege given to women, person with disabilities and landless labourers ﻿","1)	Farmers producer companies under the project in the district, registered farmer groups/self-help groups in the project village. 2)	In the project, FPC’s registered with a minimum of 100 members from the district will be eligible to avail benefits under the agribusiness components. 3)	For the project, any eligible group of interested/qualified farmers/women/landless individuals registered with any govt. department (e.g., ATMA, MAVIM, MSRLM etc.) selected in the village can apply for the Prime Minister's Farmer Scheme, based on the family's eligibility criteria (husband, wife, and dependent children over 18 years of age). The explanation of the family's composition from different families within the group, with a minimum of 11 members in each family, is necessary. The benefits of the agribusiness components should not be directed solely towards one family; attention should be paid to this aspect. 4)	The financial condition of applicant farmers' producer companies/registered farmers/self help groups is proposed to be capable enough to establish and operate agricultural input service centers/industries. 5)	The project mandates that loans sanctioned to farmers' producer companies/registered banks/financial institutions for projects exceeding Rs. 20.00 lakhs must be approved. The approved amount of the existing loan should be at least 1.25 times the minimum grant aid. 6)	The proposal of Rs. 20.00 lakhs will be funded through self-financing. In such proposals, assurance should be given that the required funds are available in the registered bank account of the group/company or will be raised from the members (include this decision in the company/group resolution). While providing financial assistance under the project, the expenditure incurred for the project from the bank account of the group/company will be considered eligible for reimbursement. 7)	If there's a loan involved, it's essential for the farmers' producer company and registered farmers/self help groups to enter into a tripartite agreement with the registered bank/financial institution and the relevant project management authority. ﻿",Application Link: https://dbt.mahapocra.gov.in ﻿ ﻿ Step 01: Registration ﻿ Step 02: Application ﻿ Step 03: Pre-sanction by Agriculture officer ﻿ Step 04: Work completion by farmer ﻿ Step 05: Payment request by farmer ﻿ Step 06: Payment approval by the project ﻿ Step 07: Payment disbursement in Aadhaar linked bank account of the beneficiary farmer ﻿,1)	Aadhaar Number 2)	Land details – 8A & 7/12 extract 3)	Cast certificate (for applicants from SC ST communities) 4)	Landless certificate (for landless farmers & labourers) 5)	Death certificate of husband (for Widows) 6)	Divorce certificate (for divorcee female) ﻿,State,"Agriculture,Rural & Environment",,"Climate Resilience, Farmers, NDKSP, Drought, Water Conservation, POCRA"
National Family Benefit Scheme (Maharashtra),nfbsm,"The scheme ""National Family Benefit Scheme (Maharashtra)"" is a social welfare scheme by the Social Justice & Special Assistance Department, Government of Maharashtra. Under this scheme, in the event of the death of the primary breadwinner of a BPL family, the family is provided with a one-time lump sum financial assistance of ₹20,000/-.","Financial assistance of ₹20,000/-.",The applicant should be a resident of Maharashtra. The applicant should be a family member or dependent of the deceased breadwinner (an earning member of the family on whom the family primarily depended for income). The family should be living Below the Poverty Line (BPL). The deceased should have been between 18 and 59 years old.,"Step 1: The interested applicant should visit (during office hours) the Collector Office/Tahsildar/Talathi of your district, and request the hard copy of the prescribed format of the application form from the concerned authority. Step 2: In the application form, fill in all the mandatory fields, paste the passport-sized photograph (signed across, if required), and attach copies of all the mandatory documents (self-attest, if required). Step 3: Submit the duly filled and signed application form along with the documents, within the prescribed period (if any), to the concerned authority. Step 4: Request a receipt or acknowledgement from the concerned authority to whom the application has been submitted. Ensure that the receipt contains essential details such as the date and time of submission, and a unique identification number (if applicable). NOTE: Ensure that the application is submitted within the prescribed period, if any.","Identity Proof of the Applicant I.e. Aadhaar Card, Voter ID Card Identity Proof of the Deceased Person i.e. Aadhaar Card Death Certificate of the Deceased Person FIR Copy Proof of Age of the Deceased Person Below Poverty Line (BPL) Card/ Ration Card Caste Certificate (if Applicable) Address Proof Bank Passbook/Bank Account Details Any Other Documents as Required",State,Social welfare & Empowerment,,"Pension, Family, BPL, Death, Below Poverty Line"
Non-Governmental Aided Organization (Special Schools And Vocational Training Centre) For Disabled,ngaossandvtd,"The ""Non-Governmental Aided Organization (Special Schools and Vocational Training Centre) for Disabled"" is a scheme by the Department of Social Justice & Special Assistance, Govt. of Maharashtra. In this scheme, Special Education is provided to children with disability who are below the age of 18 years. The child should be enrolled in a special school run by a Non-Governmental Aided Organization. Vocational Training is given to special children above the age of 18 years. Only citizens who are permanent residents of the state of Maharashtra are eligible to apply for this scheme. This scheme is 100% funded by the Govt. of Maharashtra.","Special Education is provided to children with disability who are below the age of 18 years. Vocational Training is given to special children above the age of 18 years. The children will have access to free education in an appropriate environment till he/she attains the age of eighteen years. Also, free facilities of food, shelter, and education are provided in residential institutions.","The applicant should be a citizen of India. The applicant should be a permanent resident of Maharashtra State. The applicant should be enrolled in a Non-Government Institution / Residential Institution. The applicant should be a Person with Disability (Visually Impaired, Hearing Impaired, Orthopedically Handicapped, etc). The percentage of disability should be 40% and above. For Special Education, the age of the applicant should be between 6 to 18 years. For Vocational Education, the age of the applicant should be 18 years and above.","Step 1: Visit the District Social Welfare Office , and request a hard copy of the format of the application form for the scheme from the concerned authority. Step 2: In the application form, fill in all the mandatory fields, paste the passport-sized photograph (signed across), and attach all the (self-attested) mandatory documents. Step 3: Submit the duly filled and signed application form along with the documents to the Assistant Commissioner, District Social Welfare Office. Step 4: Acquire the receipt/acknowledgment of the successful submission of the application form from the District Social Welfare Office.","Proof of Enrollment into the Non-Government Institution / Residential Institution. Aadhaar Card. Proof of Age (Birth Certificate, Marksheet of Class 10th/12th, etc). 2-Passport Sized Photograph (Signed Across). Residential Certificate / Domicile Certificate of the State of Maharashtra. Disability Certificate. Details of the Bank Account (Bank Name, Branch Name, Address, IFSC, etc). Any other document required by the District Social Welfare Office.",State,"Education & Learning, Social welfare & Empowerment, Skills & Employment",,"Persons With Disability, Special School, Vocational Education, Student"
Opening And Maintenance Of Public School (Vidya Niketan) For Vimukta Jatis And Nomadic Tribes,omps,"The Government of Maharashtra has introduced a scheme ""Opening And Maintenance Of Public School (Vidya Niketan) For Vimukta Jatis And Nomadic Tribes"" to the voluntary organization to run the Public School (Vidya Niketan) on a grant-in-aid basis at Kamlewadi, Taluka Mukhed, District Nanded for the needy, brilliant and talented students belonging to VJNT Category. In this public school, students get an education from 5th to 12th standard on a merit basis. The Benefits provided by the Government of Maharashtra are Financial Assistance given to the institution for maintenance assistance given on building rent. 100 percent salary grants for approved teaching and non-teaching staff. Students are provided with facilities like books, notebooks, uniforms, education stationary free lodging, and boarding facilities. Rs.1450/- p.m. per residential student is admissible.","Financial Assistance is given to the institution for maintenance assistance is given on building rent. 100 percent salary grants for approved teaching and non-teaching staff. Students are provided with facilities like books, notebooks, uniforms, education stationary free lodging, and boarding facilities. ₹1450/- p.m. per residential student is admissible.",The beneficiary should be a student. The beneficiary should be a resident of Maharashtra. The beneficiary should belong to the VJNT community. The income of the parents should not be more than Rs. 24000/- per annum. The beneficiary should clear the competitive examination Students belonging to the VJNT category & those who studying in 4th Standard are eligible to take admitted to VJNT Ashram School on a merit basis,"Step 1: Visit the ﻿ official website  of Aaple Sarkar / Maha DBT. ﻿ ﻿ ﻿ Step 2: Click on "" New Applicant Registration "". Register using your Name, Mobile Number, and Email ID. Create a Username and Password. Your Mobile Number and Email ID will be verified via OTP. ﻿ Note: The username should contain only alphabets and numbers. The username should be greater than 4 characters and less than 15 characters. ﻿ Note: Password Length should be a minimum of 8 characters and a maximum of 20 characters. Password must contain at least 1 UpperCase Alphabet, 1 LowerCase Alphabet, 1 Number, and 1 Special Character. ﻿ Step 3: Now visit Login Page and log in using your Username and Password. You will be directed to Login Page ﻿ . In the left pane, click ""Aadhaar Bank Link"" to link your Aadhaar with your Bank Account. ﻿ Step 4: In the left pane, click ""Profile"". Fill in all the mandatory details and upload the mandatory documents (Personal Details, Address Information, Other Information, Current Course, Past Qualification, and Hostel Details). Click ""Save"". ﻿ Step 5: In the left pane, click ""All Schemes"". A list of schemes will appear. Click on ""Savitribai Phule Scholarship"". ﻿ Step 6: Fill in all the additional information and upload the mandatory documents. Click ""Submit"" to submit your application. A pop-up will appear, displaying your Application ID. Save the Application ID for future reference. Click ""OK"". ﻿ Optional: You can track the status of your application (Under Scrutiny / Approved / Rejected / Fund Disbursed) by clicking on ""My Applied Scheme History"" in the left pane. ﻿","Aadhaar Number. Proof of Identity. Proof of Age (Birth Certificate). Proof of Address. Domicile Certificate of Maharashtra. Caste Certificate VJNT And Nomadic Tribe Community (duly signed by an authorized Revenue Officer, not below the rank of Tehsildar). Marksheet of the Latest Educational Qualification. Fee Receipt of ‘Current Course Year’. Bank Account Details. Passport-sized Photograph.",State,"Social welfare & Empowerment, Education & Learning, Agriculture,Rural & Environment",,"Vidya Niketan, Education, Public School, Vimukta Jatis And Nomadic Tribes"
Opening And Running Junior Colleges For VJNT Students Run By Voluntary Agencies,orjcvsrva,"The Govt. of Maharashtra vide G.R. dated 26/6/2008 has started (11th and 12th class) Junior College education by upgrading the 148 secondary Ashram Schools for educational and social development of Vimukta Jatis and Nomadic Tribes (VJNT) students. The scheme “Opening and Running Junior Colleges for VJNT Students Run by Voluntary Agencies” is implemented by the Social Justice and special assistance department in Maharashtra. Under this scheme, the government provides academic educational facilities, free lodging, and boarding in Junior Colleges. It also provides medical facilities, bedding and clothing, and uniforms to residential students. This scheme is implemented on a grant-in-aid basis to voluntary organizations.","The facilities like academic education, free lodging, and boarding along with necessary educational goods & stationery are provided to the students of the VJNT category in Junior Colleges. The facilities like medical, bedding & clothing, and uniforms are provided to the residential students.","Students should be residents of Maharashtra. Students should belong to VJNT Category. Voluntary Agency should have running Secondary Ashram School. The result of Secondary School should not below than 60%. Voluntary Agencies should be economically sound to run Junior Colleges. Building, Water supply, Electricity etc. facilities should be available. Most of Population should be VJNT nearby School place. There should not be more Junior Colleges around the Ashram School. There should not be any dispute / Court matter against the Voluntary Agency.",Step 01: The applicant should contact the Assistant Commissioner of Social Welfare of the concerned District in Maharashtra. Step 02: The applicant may also contact Head Master of the concerned Ashram School in Maharashtra. Step 03: Admissions are finalized by the Head Master of the concerned Ashram School Head Master.,Aadhaar card Applicant's domicile certificate Caste/category certificate,State,"Education & Learning, Social welfare & Empowerment",,"Vimukta Jatis And Nomadic Tribes, Junior College, Student, Education, Ashram School"
Post-Matric Scholarship To VJNT Students - Maharashtra,pmsvs-maharashtra,"The Government of Maharashtra launched a scheme namely “Post-Matric Scholarship to VJNT students” vide G.R. No. EBC 1068/83567/57 dated 24.12.1970 in 1970. This scheme was started by the Government to encourage the student of the Vimukta Jatis & Nomadic Tribes (VJNT) to undergo Post-Matric higher education. Objective: 1.	To encourage the VJNT students to undergo Post-Matric Courses. 2.	Providing financial assistance for education. 3.	Creating a passion for higher education. 4.	Providing students the opportunity to go to the mainstream of education through education. Under this scheme, benefits of Tuition Fees, Exam Fees, and Maintenance Allowance are paid to only VJNT category students. All the eligible VJNT students are paid maintenance allowance from ₹ 90 to ₹ 190 per month for hostellers and ₹ 150 to ₹ 425 per month for day scholar students.","All the Eligible students of VJNT are paid maintenance allowance as under: If Applicant selects Course Group A - for hostlers ₹425/- p.m. & Day Scholars (Non-Hostlers) ₹190/- p.m. (Duration -Admission date to till exam completion date) If Applicant selects Course Group B - for hostlers ₹290/- p.m. & Day Scholars (Non-Hostlers) ₹190/-p.m. (Duration - Admission date to exam completion date) If Applicant selects Course Group C - for hostlers ₹290/- p.m. & Day Scholars (Non-Hostlers) ₹190/- p.m. (Duration - Admission date to till exam completion date) If Applicant selects Course Group D - for hostlers ₹230/- p.m. & Day Scholars (Non-Hostlers) ₹120/- p.m. (Duration - Admission date to till exam completion date) If Applicant selects Course Group E - for hostlers ₹150/- p.m. & Day Scholars (Non-Hostlers) ₹90/- p.m. (Duration - Admission date to till exam completion date) Tuition Fees, Exam Fees, and Maintenance allowance are paid 100% to applicants who are studying in government /aided/non-aided institutions in professional courses and non-professional courses. If the Applicant gets admission in a government hostel then he will be eligible for only 1/3rd amount of the hostler. For B.Ed and D.Ed courses: 100 % benefit (Tuition Fees, Exam Fees, and Maintenance Allowance) is applicable for D.Ed, and B.Ed courses. For students studying in Aided, UnAided for D.Ed and B.Ed courses the Fee structure is applicable as per Government rates for the same course. Note: If the applicant takes an admission on or before the 20th of any month should entitle date maintenance allowance will be issued for that current month. Otherwise, maintenance allowance will be entitled from next month.","The parent's/Guardian's annual income should be less than or equal to ₹1.50 Lac. Applicants should belong to the VJNT category. Applicants must be residents of Maharashtra. Applicants must be pursuing the education course approved by the government from the class Post-Matric. Maintenance allowance & exam fees are paid to the applicant if the applicant gets promoted to the next higher class. If the applicant fails in a particular year then he will get the Tuition Fees, Exam Fees, and Maintenance allowance of that particular academic year but he/she will not get the benefit until he/she gets promoted to the next higher class. Applicant should come through CAP round for only professional courses. Only two children (i) any number of girl applicants allowed. ii) Boys applicant maximum 2 of the same parent) of the same parents will be eligible for the Scholarship. 75 % attendance is mandatory for the current year. The applicant will be eligible for a scholarship if he/she changes the course Non – Professional to Professional but he will not be eligible if he/she changes the course from Professional to Non – Professional. Scholarships/freeship will continue until the applicant completes one course. Ex. - 11th, 12th Arts - B.A., M.A., M.Phil., P.H.D. If, the applicant completed B.A and B.Ed. course and later after taking admission for M.A., for M.A. course he/she will not be allowed for scholarship/freeship. But after admission to M.B.A. after B.Ed, it can be eligible for scholarship/freeship as it is a professional postgraduate course. Applicant studying in particular professional/Non-Professional course and availing benefits of scholarship/freeship for that academic course and if he/she wants to change his existing Professional / Non-Professional course in between academic years he/she will not be eligible for freeship/scholarship for further course. Renewal Policy: Applicants have to pass the previous year's examination. In the case of VJNT, if the applicant fails for a year then the applicant is not paid any reimbursement for that particular year. For Group A – If an applicant pursuing the Group-A course fails in the examination for the 1st time the award may be renewed. For second & sub sequent failure in any class, the Applicant shall bear his / her own expenses until he/she secures promotion to the next higher class. For Group B,C,D,E - he/she has to secure promotion to a higher class (For second & subsequent failure in any class the applicant shall bear his / her own expenses until he/she secures promotion to the next higher class.) If due to any medical condition or due to any unforeseeable event the Applicant cannot appear in the annual examination, the headmaster of the college can approve or certify that if the Applicant would have appeared in the annual examination, he would have been able to pass the examination. This will be only allowed if the head of the institution is satisfied by the submission of medical proof or any other required sufficient proof that the Applicant presents to the college.","Registration: Visit the official website to register yourself by clicking on “New Applicant registration” and fill in all the mandatory details (Applicant’s Name, Username, Password, Email, and Mobile Number): https://mahadbt.maharashtra.gov.in/RegistrationLogin/RegistrationLogin ﻿ ﻿ ﻿ Login: Now, you may login by filling login details: https://mahadbt.maharashtra.gov.in/Login/Login ﻿ Create profile: Create your profile by filling in all your updated personal details like address, qualifications, etc. Apply Scheme: After filling in 100% of the profile information, you may apply for the eligible schemes.","Caste certificate - should be issued by a competent authority (Issued by Govt. of Maharashtra). This certificate considered as Proof of Resident. Income certificate / Income Declaration - should be issued by competent authority Caste Validity Certificate – (Mandatory for Professional Degree courses, Professional Post Graduate. For Non Professional courses caste validity is not mandatory) HSC or SSC marks sheet or last examination marks sheet. Gap certificate - Not mandatory but in case of gap it is mandatory. If applicable father/Guardians death certificate. Ration Card for identify number of children in family. Leaving Certificate Declaration certificate of parents/guardians about number of children beneficiaries.",State,Education & Learning,,"Student, Scholarship, Post-Matric, Vimukta Jatis & Nomadic Tribes"
Providing Mini Tractor and its Sub Parts to the Self Help Group of Scheduled Castes,pmtaispttshgosc,"The scheme ""Providing Mini Tractor and Its Sub Parts to the Self Help Group of Scheduled Castes"" was launched by the Department of Social Justice & Special Assistance of the Government of Maharashtra. The scheme is designed to significantly improve the financial condition of Scheduled Castes and Nav-Buddhists by empowering their Self Help Groups with essential agricultural equipment, thereby fostering economic development and self-sufficiency within these communities.","Supply of mini tractors and essential sub-parts, including trolleys and rotators. Each mini tractor, along with its sub-parts, is valued at ₹3,50,000/-. Self Help Groups contribute 10% of the total cost, amounting to ₹35,000/-. The remaining ₹ 3,15,000/- is provided as a subsidy by the government, making it financially accessible for the groups.","The applicant should be from Scheduled Caste or Nav-Buddhist. The applicant should be a domicile of Maharashtra. The Self Help Group should consist of at least 80% members from Scheduled Castes and Nav-Buddhist. The total cost of the mini tractor and its sub-parts is estimated at ₹3,50,000. The Self-Help Group must collect 10% of this amount, which is ₹35,000, while the government will provide a 90% subsidy of ₹3,15,000.","Step 1: The interested applicant should visit (during office hours) the District Social Welfare Office and request a hard copy of the prescribed format of the application form from the concerned authority. Step 2: In the application form, fill in all the mandatory fields, paste the passport-sized photograph (signed across, if required), and attach copies of all the mandatory documents (self-attest, if required). Step 3: Submit the duly filled and signed application form along with the documents, within the prescribed period (if any), to the Assistant Commissioner, District Social Welfare Office. Step 4: Request a receipt or acknowledgement from the concerned authority to whom the application has been submitted. Ensure that the receipt contains essential details such as the date and time of submission, and a unique identification number (if applicable). NOTE: Ensure that the application is submitted within the prescribed period, if any.","Identity Proof: Valid government-issued ID (Aadhaar card, voter ID, etc.) for all members of the Self Help Group. Domicile Certificate: Proof of residence in Maharashtra for all members. Caste Certificate: Valid caste certificates for Scheduled Castes or Nav-Buddhists members. Self Help Group Registration: Certificate of registration of the Self Help Group. Bank Account Details: Bank statement or passbook of the Self Help Group’s bank account. Affidavit: An affidavit confirming that 80% of the members belong to Scheduled Castes or Nav-Buddhists. Proposal Letter : A letter outlining the purpose and objectives of acquiring the mini tractor. Cost Estimate: Quotation or estimate of the mini tractor and its sub-parts.",State,"Business & Entrepreneurship, Banking,Financial Services and Insurance",,"Scheduled Caste, SHG, Social Welfare, Self Help Group, Subsidy, SC, Tractor"
Providing Tin stalls to Gatai Kamgar,ptstgk,"""Providing Tin Stalls to Gatai Kamgar"" is a social welfare scheme by the Department of Social Justice & Special Assistance of the Government of Maharashtra. The scheme aims to uplift Scheduled Caste individuals engaged in leather footwear production and leather goods preparation. The scheme offers 100% government-funded tin stalls and provides ₹500/- as financial assistance to help protect them from heat, rain, and wind.",₹500/- is provided as financial assistance.,"The applicant should be from a Scheduled Caste. The applicant should be a resident of Maharashtra. If the applicant resides in a rural area, his/her total household income should be less than ₹40,000. If the applicant resides in an urban area, his/her total household income should be less than ₹50,000. The applicant should be 18 years or above in age. The place where the applicant asking for the stall must be provided on rent/ lease/purchased/official free hand by Gram panchayat, Municipality, Cantonment Board or Municipal corporation or must be of own property of the applicant.","Step 1: The interested applicant should visit (during office hours) the District Social Welfare Office and request the hard copy of the prescribed format of the application form from the concerned authority. Step 2: In the application form, fill in all the mandatory fields, paste the passport-sized photograph (signed across, if required), and attach copies of all the mandatory documents (self-attest, if required). Step 3: Submit the duly filled and signed application form along with the documents, within the prescribed period (if any), to the Assistant Commissioner, District Social Welfare Office. Step 4: Request a receipt or acknowledgement from the concerned authority to whom the application has been submitted. Ensure that the receipt contains essential details such as the date and time of submission, and a unique identification number (if applicable). NOTE: Ensure that the application is submitted within the prescribed period, if any.","Aadhaar Card. Proof of Age (Birth Certificate, Marksheet of Class 10th/12th, etc) 2-Passport Sized Photograph (Signed Across) Residential Certificate / Domicile Certificate of the State of Maharashtra. Proof of being a Roadside Cobbler (issued by the Gram Panchayat), Income Certificate issued by an Authorised Govt.Officer. Caste Certificate issued by an Authorised Govt.Officer. Details of the Bank Account (Bank Name, Branch Name, Address, IFSC, etc). Any other document required by the District Office",State,"Banking,Financial Services and Insurance, Business & Entrepreneurship",,"Scheduled Caste, Stall, Employment, Social Welfare, SC"
Rajarshri Chhatrapati Shahu Maharaj Merit Scholarship,rcsmms,"The ""Rajarshri Chhatrapati Shahu Maharaj Merit Scholarship"" scheme was launched by Social Justice and Special Assistance, Government of Maharashtra, specifically designed to encourage Scheduled Caste (SC) students to pursue higher secondary education.  The scholarship aims to enhance the educational standards and competitiveness of SC students by providing financial assistance to those who excel in their Class 10th examinations and are admitted to Class 11th in recognized junior colleges or colleges.","Scholarship Rate: Class 11th: ₹300/- per month. Class 12th: ₹300/- per month. ﻿ Duration: Ten months ﻿ Note: Totaling ₹3,000 per academic year. ﻿",The boy/girl should belong Scheduled Caste. The applicant should be studying in classes 11th and 12th in Junior Colleges and Colleges. The applicant should have passed the Class 10th examination with 75% or more marks. Backward-class students who have been admitted to class 11th in the junior college/college are eligible for this scholarship. ﻿,"Application Process: Step 1: The interested applicant should visit (during office hours) the respective junior college or college and request a hard copy of the prescribed format of the application form from the staff exclusively entrusted to issue and collect filled-in applications. Step 2: In the application form, fill in all the mandatory fields, and attach copies of all the mandatory documents (self-attest, if required). Step 3: Submit the duly filled and signed application form along with the documents to the Principal of the respective junior college or college. Step 4: Request a receipt or acknowledgment from the Principal of the respective junior college or college to whom the application has been submitted. Ensure that the receipt contains essential details such as the date and time of submission, and a unique identification number (if applicable). ﻿ Proposal Submission by Principals: Principals of recognized junior colleges and colleges should submit a compiled list of eligible students to the Special District Social Welfare Officer by the end of June each year. ﻿",Caste Certificate (issued by the competent authority). Class 10 th Mark Sheet. School Leaving Certificate. College Admission Certificate (recognized junior college or college). ﻿,State,Education & Learning,,"Financial Assistance, Scholarship, Student, Scheduled Caste"
Ramai Awas (Gharkul) Scheme for SC & Nav-Buddha (Urban and Rural),rassnb,"The scheme ""Ramai Awas (Gharkul) Scheme for SC & Nav-Buddha (Urban and Rural)"" is a housing scheme by the Department of Social Justice & Special Assistance of the Government of Maharashtra. The scheme aims to raise the standard of living of the individuals from the Scheduled Caste and Nav-Buddha communities residing in rural & urban areas of Maharashtra.","The benefits vary with the area that the beneficiary resides in - Rural Area: ₹ 1,00,000/- (Beneficiary's share is Nil) Municipal Area: ₹ 1,50,000/- (Beneficiary's share is 7.5%) Municipal Corporation: ₹ 2,00,000/- (Beneficiary's share is 10%)","1. The applicant should have lived for 15 years in Maharashtra. 2. The applicant's annual income limit is as under - For Rural Area, ₹1,00,000/- per annum. For Municipal Area, ₹1,50,000/- per annum. For Municipal Corporation, ₹2,00,000/- per annum. 3. Only one person in the family will get the benefit. 4. The applicant should have his/her own land 5. The applicant should not be receiving the benefits of any other housing scheme of the Government. Reservation/Relaxation/Priority Priority will be given to applicants from the Below Poverty Line (BPL).","Step 1: The interested applicant should visit (during office hours) one of the following officers and request a hard copy of the prescribed format of the application form from the concerned authority - Assistant Commissioner, Social Welfare Office Project Director, District Rural Development Agency District Council / Municipal Commissioner Step 2: In the application form, fill in all the mandatory fields, paste the passport-sized photograph (signed across, if required), and attach copies of all the mandatory documents (self-attest, if required). Step 3: Submit the duly filled and signed application form along with the documents, within the prescribed period (if any), to the concerned authority. Step 4: Request a receipt or acknowledgement from the concerned authority to whom the application has been submitted. Ensure that the receipt contains essential details such as the date and time of submission, and a unique identification number (if applicable). NOTE: Ensure that the application is submitted within the prescribed period, if any.",Residential / Domicile Certificate. Caste Certificate. Aadhaar Card Address Proof. Identity Card. Passport Size Photo.,State,"Housing & Shelter, Social welfare & Empowerment",,"Housing, Scheduled Caste, Nav Buddha, Urban, Rural"
Reimbursement of the MS-CIT Course,rmscitc,"The Reimbursement of the MS-CIT Course scheme was launched by the Maharashtra Building And Other Construction Workers Welfare Board (MBOCWW), Labour Department Maharashtra. The scheme offers reimbursement of the MS-CIT (Maharashtra State Certificate in Information Technology) course fees for up to two children of registered construction workers.",Reimbursement of the MS-CIT (Maharashtra State Certificate in Information Technology) course fees for up to two children of registered construction workers.,The children's parents/guardians should be registered construction workers. The construction worker should be registered under the MBOCWW. The applicant must be enrolled in a government-recognized MS-CIT course. ﻿ ﻿,"Step-1: The interested applicant downloads the application form from the MBOCWW official website. Step-2: In the application form, fill in all the mandatory fields, and attach copies of all the mandatory documents (self-attest, if required). Step-3: Submit the duly filled and signed application form along with the documents to the Labor Commissioner/Government Labor Officer. Step-4: Request a receipt or acknowledgment from the concerned authority to whom the application has been submitted. Ensure that the receipt contains essential details such as the date and time of submission, and a unique identification number (if applicable).",Passport-size Photo Aadhaar Card Identity Card of Maharashtra Building and Other Construction Workers Welfare Board Bank Passbook MS-CIT Passed Certificate Fee Receipt Proof of Residence (One of Aadhaar Card/Passport/Driving Licence/Ration Sheet/Last Month's Electricity Bill/Gram Panchayat Certificate) ﻿ ﻿,State,Education & Learning,,"Financial Assistance, Reimbursement, Construction Worker, Student, IT Courses"
Sanjay Gandhi Niradhar Grant Scheme,sgngs,"The ""Sanjay Gandhi Niradhar Grant Scheme"" is a scheme by the Department of Social Justice & Special Assistance, Govt. of Maharashtra. In this scheme, financial assistance of ₹600/- per month is given if there is only one beneficiary in the eligible family, and ₹900/- per month if there is more than one beneficiary in a family. In order to be eligible for this scheme, the name should be in the list of BPL families or the annual income of the family should be less than or equal to ₹ 21,000/-. Only citizens who are permanent residents of the state of Maharashtra are eligible to apply for this scheme. This scheme is 100% funded by the Govt. of Maharashtra.","Financial assistance of ₹ 600/- per month, if there is one beneficiary in the eligible family. Financial assistance of ₹ 900/- per month, if there is more than one beneficiary in the eligible family.","The applicant should be a citizen of India. The applicant should be a domicile / permanent resident of the state of Maharashtra. The name of the applicant should be in the list of Below Poverty Line (BPL) families OR the annual income of the family should be less than or equal to ₹ 21,000/-. The applicant should be one of the following: a) Destitute Men and Women below 65 Years of Age. b) Orphan Children. c) All categories of Person with Disability (PwD). d) Men and Women Who Are Unable to Sustain Themselves Due to Diseases Like Tuberculosis, Cancer, Aids, Leprosy. e) Destitute Widows (including widows of farmers who committed suicide). f) Women in the Divorce Process and Divorced but Not Alimony. g) Women Who Have Been Tortured and Released From Prostitution. h) Transgender. i) Devadasi. j) Unmarried Women Above 35 Years of Age. k) The Wives of Prisoners Serving Sentences in Jail. l) Those Suffering From Sickle Cell Disease.","Step 1: Visit the Collector's Office / Tahsildar Sanjay Gandhi Yojana / Talathi Office, and request a hard copy of the format of the application form for the scheme from the concerned authority. Step 2: In the application form, fill in all the mandatory fields, paste the passport-sized photograph (signed across), and attach all the (self-attested) mandatory documents. Step 3: Submit the duly filled and signed application form along with the documents to the Collector's Office / Tahsildar Sanjay Gandhi Yojana / Talathi Office. Step 4: Acquire the receipt/acknowledgment of the successful submission of the application form.","Aadhaar Card. 2-Passport Sized Photograph (Signed Across). Residential Certificate / Domicile Certificate of the State of Maharashtra. Details of the Bank Account (Bank Name, Branch Name, Address, IFSC, etc). Any other document required by the District Social Welfare Office. Medical Certificate OR Certificate of Incapacity/Disease (issued by the Civil Surgeon and Medical Superintendent of the Government Hospital) (In the case of major illness) Proof of Age Income Certificate / BPL Card of the Family Disability Certificate Transgender Certificate (in case the applicant is Transgender) Marriage Certificate, and Death Certificate of Husband (in the case of Widow applicants)",State,Social welfare & Empowerment,,"Financial Asisstance, Widow, Transgender, Person With Disability, Orphan, Below Poverty Line, Destitute"
Savitribai Phule Scholarship For V.J.N.T And S.B.C Girls Students Studying In 8th To 10 Std,sps,"Savitribai Phule Scholarship is a Scholarship Scheme by the Social Justice and Special Assistance Department, Government of Maharashtra. The objective of the scheme is to encourage enrollment and to decrease the dropout ratio of Girls in the education of Maharashtra from Vimukta Jati and Nomadic Tribes (VJNT) and Special Backward Classes (SBC),  studying in 8th to 10th standard, the Government has introduced this scheme from the academic year 2003-04.","The beneficiary is to provide ₹100/- per month for 10 months i.e. ₹1,000/- for 10 months.",Girl Student should belong to V.J.N.T. or S.B.C category. Girl Student should be studying in 8th to 10th Standard. No income limit and there will be no limit of marks.,"Step 1: Visit the official website of https://mahadbt.maharashtra.gov.in . Step 2: Click on "" New Applicant Registration "". Register using your Name, Mobile Number, and Email ID. Create a Username and Password. Your Mobile Number and Email ID will be verified via OTP. Step 3: Now visit to Login Page and log in using your Username and Password. You will be directed to Home Page ﻿ . In the left pane, click ""Aadhaar Bank Link"" to link your Aadhaar with your Bank Account. Step 4: In the left pane, click ""Profile"". Fill in all the mandatory details and upload the mandatory documents (Personal Details, Address Information, Other Information, Current Course, Past Qualification, and Hostel Details). Click ""Save"". Step 5: In the left pane, click ""All Schemes"". A list of schemes will appear. Click on ""Savitribai Phule Scholarship"". Step 6: Fill in all the additional information and upload the mandatory documents. Click ""Submit"" to submit your application. A pop-up will appear, displaying your Application ID. Save the Application ID for future reference. Click ""OK"". ﻿ Optional: You can track the status of your application (Under Scrutiny / Approved / Rejected / Fund Disbursed) by clicking on ""My Applied Scheme History"" in the left pane.","Aadhaar Number. Proof of Identity. Proof of Age (Birth Certificate). Proof of Address. Domicile Certificate of Maharashtra. Caste Certificate VJNT or SBC Community (duly signed by an authorized Revenue Officer, not below the rank of Tehsildar). Marksheet of the Latest Educational Qualification. Fee Receipt of ‘Current Course Year’. Bank Account Details. Passport-sized Photograph.",State,"Social welfare & Empowerment, Education & Learning, Women and Child",,"Pre-Matric, SBC, Scholarship, Special Backward Classes, Vimukta Jati And Nomadic Tribes"
Savitribai Phule Scholarship For V.J.N.T. And S.B.C. Girl Students Studying In 5th To 7th Standard,spsvsgs,"Savitribai Phule Scholarship is a Scholarship Scheme by the Social Justice and Special Assistance Department, Government of Maharashtra. The scheme was introduced 12th January 1996. The scheme was further amended in 29th October 1996 to include S.B.C. Students. The objective of the scheme is to encourage the enrollment and to decrease the dropout ratio of Girl Students of Maharashtra from Vimukta Jati and Nomadic Tribes (VJNT) and Special Backward Classes (SBC), studying in Class 5th to Class 7th. The beneficiary is provided ₹ 60/- per month, i.e. ₹ 600/- for ten months.","The beneficiary is provided ₹ 60/- per month, i.e. ₹ 600/- for ten months.",The applicant must be a girl. The applicant must be a resident of the state of Maharashtra. The applicant must belong to Vimukta Jati and Nomadic Tribes (VJNT) or Special Backward Classes (SBC) Category. The applicant must be studying in Class 5th to Class 7th. The applicant must be studying in a Government Recognized School.,"Step 1: Visit the official website of Aaple Sarkar / Maha DBT. ﻿ ﻿ ﻿ Step 2: Click on ""New Applicant Registration"" . Register using your Name, Mobile Number, and Email ID. Create a Username and Password. Your Mobile Number, and Email ID will be verified via OTP. ﻿ Note: Username should contain only alphabets and numbers. Username should be greater than 4 characters and less than 15 characters. ﻿ Note: Password Length should be minimum 8 characters and maximum 20 characters. Password must contain atleast 1 UpperCase Alphabet, 1 LowerCase Alphabet, 1 Number and 1 Special Character. ﻿ Step 3: Now visit https://mahadbt.maharashtra.gov.in/Login/Login and login using your Username and Password. You will be directed to https://mahadbt.maharashtra.gov.in/Home/Home. In the left pane, click ""Aadhaar Bank Link"" to link your Aadhaar with your Bank Account. ﻿ Step 4: In the left pane, click ""Profile"". Fill in all the mandatory details and upload the mandatory documents (Personal Details, Address Information, Other Information, Current Course, Past Qualification, Hostel Details). Click ""Save"". ﻿ Step 5: In the left pane, click ""All Schemes"". A list of schemes will appear. Click on ""Savitribai Phule Scholarship"". ﻿ Step 6: Fill in all the additional information and upload the mandatory documents. Click ""Submit"" to submit your application. A pop-up will appear, displaying your Application ID. Save the Application ID for future reference. Click ""OK"". ﻿ Optional: You can track the status of your application (Under Scrutiny / Approved / Rejected / Fund Disbursed) by clicking on ""My Applied Scheme History"" in the left pane. ﻿ Sources: ﻿ User Manual of the Registration and Application Process ﻿ ﻿ Flow of the Application Process ﻿ ﻿ ﻿ Instruction for Cropping Photo and Signature ﻿ ﻿",Aadhaar Number. Proof of Identity. Proof of Age (Birth Certificate). Proof of Address. Domicile Certificate of Maharashtra. Caste Certificate VJNT or SBC Community (duly signed by an authorized Revenue Officer not below the rank of Tehsildar). Marksheet of the Latest Educational Qualification. Fee Receipt of ‘Current Course Year’. Bank Account Details. Passport-sized Photograph.,State,"Education & Learning, Women and Child",,"Scholarship, Special Backward Classes, SBC, Vimukta Jati And Nomadic Tribes, VJNT, Pre-Matric"
Scholarships For Higher Education Abroad To Meritorious Boys And Girls From Open Category,sheambgoc,"The scheme “Scholarships for Higher Education Abroad to Meritorious Boys and Girls from Open Category” was launched by the Department of Higher and Technical Education, Government of Maharashtra on 4th October 2018. Under the scheme, meritorious students from the open/unreserved category from the Maharashtra State who wish to study abroad and pursue Post Graduation, Diploma after Graduation and Ph.D. studies can avail of this scholarship every year. The students from the unreserved category can avail of scholarships for studying various courses in reputed universities. The Maharashtra government has sanctioned foreign scholarships to Twenty (20) students every year. The Universities/higher educational institutes should be acknowledged by THE (Times Higher Education)/or QS (Quacquarelli Symonds) which are included in the 200 Ranking lists. This programme will be implemented from the academic year 2018-19 under the Higher and technical education department. ﻿",The full tuition fee mentioned by the university will be paid by the government. The full amount of personal health insurance will be paid by the government. Subsistence allowance for the entire academic period (GBP 9900 for UK and USD 15400 for all countries except the UK) for the entire academic period as per the rate prescribed by the government. The beneficiary will enjoy trip airfare (one time only).,"The candidate and the candidate's mother/father or guardian should be citizens of India and residents of the state of Maharashtra. This scheme is applicable to the students from the open/unreserved category. Students from the reserved category who wish to apply from the open category are eligible to apply for the scholarships. For PG, Diploma after Graduation and Ph.D courses from a foreign educational institution, THE (Times Higher Education) / or QS (Quacquarelli Symonds) Ranking must be within 200. Unconditional Offer Letter from the educational institution of abroad. Annual family income should be less than ₹ 8,00,000/-. The following seats are available for the said scholarship branch / course-wise: Sl. No. Branch/Course Post Graduate Degree and Post Graduate Diploma Doctorate Total 1 Art 01 01 02 2 Commerce 01 01 02 3 Science 01 01 02 4 Management 01 01 02 5 Law Course 01 01 02 6 Engineering/ Architecture Science 04 04 08 7 Pharmacology 01 01 02 ﻿ Total 10 10 20 ﻿ ﻿","Step 01: Applications for this scholarship are invited online every year. Step 02: The applicant should visit the official website/portal of the Directorate of Technical Education: www.dtemaharashtra.gov.in ﻿ Step 03: The applicant should register herself/himself on the official website. Step 04: Accordingly, the application is received by the Directorate of Training on the online portal till the deadline, After scrutinizing the details of the candidates and checking the eligibility conditions/conditions. A list will be prepared.","Identity Proof Domicile certificate Income certificate Unconditional Offer Letter from the educational institution abroad. Educational qualification certificates Passport of the concerned candidate No-objection certificate, in case the candidate is employed. ﻿",State,Education & Learning,,"Higher Education, Abroad, Open Category, Students, Scholarship"
"Shahu, Phule, Ambedkar Award",spaa,"The ""Shahu, Phule, Ambedkar Award"" is an award by the Department of Social Justice & Special Assistance, Govt. of Maharashtra. The award is given to the Registered Organizations working in various fields of Social Justice, doing Social Reforms in the state, and taking Maharashtra forward as a social reformist State. Only the Institutions/Organizations located within the State of Maharashtra can apply to this scheme. This scheme is 100% funded by the Govt. of Maharashtra. This scheme is 100% funded by the Govt. of Maharashtra.","The institute will be given ₹15,00,000/- as a prize along with a Memento and a Silver Krol Citation. A total of 7 awards will be given for 7 regions.",The Institute/Organization should be located within the state of Maharashtra. The Institute/Organization should have done work in the field of Social Justice in the state of Maharashtra. The period of the Social Service should be 15 years & above in the state of Maharashtra.,"Step 1: Visit the District Social Welfare Office , and request a hard copy of the format of the application form for the scheme from the concerned authority. Step 2: In the application form, fill in all the mandatory fields, paste the passport-sized photograph (signed across), and attach all the (self-attested) mandatory documents. Step 3: Submit the duly filled and signed application form along with the documents to the Assistant Commissioner, District Social Welfare Office. Step 4: Acquire the receipt/acknowledgment of the successful submission of the application form from the District Social Welfare Office.","Proof of Registration as a Organization/Institute issued by the authorized officer by the Govt. of Maharashtra. Proof of Social Service for a period of 15 years and above. Character Verification Report in favor of the President and the Secretary of the organization issued by the Superintendent of Police or the Police Commissioner. Details of the Bank Account (Bank Name, Branch Name, Address, IFSC, etc). Any other document required by the District Social Welfare Office.",State,Social welfare & Empowerment,,"Award, Social Welfare, Financial Assistance"
Shravanbal Seva State Pension Scheme,sbssps,"The ""Shravanbal Seva State Pension Scheme"" is a Pension Scheme by the Department of Social Justice & Special Assistance, Govt. of Maharashtra. In this scheme, a monthly pension of ₹ 600/- is provided to destitute persons in the state of Maharashtra. Only citizens who are permanent residents of the state of Maharashtra are eligible to apply for this scheme. This scheme is 100% funded by the Govt. of Maharashtra.","₹ 600/- per month is given to each beneficiary. ﻿ Group (A): The destitute men and women who are 65 years or above in age, and whose family is listed as ""Below Poverty Line"", are provided a monthly pension of ₹ 600/-. In this pension, ₹ 200/- per month is provided under Indira Gandhi Old Age Pension Scheme (Central Govt.), and ₹ 400/- per month under Shravan Bal State Pension Scheme. ﻿ Group (B): The destitute men and women who are 65 years or above in age, whose family is not listed as ""Below Poverty Line"", and whose annual family income is less than or equal to ₹ 21,000 are provided a monthly pension of ₹ 600/- entirely by the Shravan Bal State Pension Scheme.","The applicant should be a citizen of India. The applicant should be a domicile / permanent resident of the state of Maharashtra for at least 15 years. The applicant should be destitute. The applicant should be 65 years or above in age. The name of the applicant should be in the list of Below Poverty Line (BPL) families OR the annual income of the family should be less than or equal to ₹ 21,000/-.","﻿ Registration: ﻿ ﻿ Step 1: Visit the Official Portal of Aaple Sarkar (Maha DBT). On the right pane (green), click ""New User? Register Here"". You will be directed to the Registration Page . ﻿ Step 2: Verify your Email ID and Mobile Number using OTP and then create a Unique Username and Password. (You will also find the link to the Registration Manual on the top right of the page.) ﻿ In the ""Applicant Detail"" section, fill in the following mandatory fields: Salutation, Full Name(English), Full Name(Marathi), Father's Salutation, Father's Name (English), Father's Name(Marathi), Date of Birth, Age, Gender, Occupation. ﻿ In the ""Applicant's Address"" section, fill in the following mandatory fields: Address (English), Address (Marathi), Street (English), Street (Marathi), Section (English), Section (Marathi), Building (English), Building (Marathi), Landmark (English), Landmark (Marathi), District, Taluka, Village, Pincode ﻿ In the ""Mobile No. & Username Verification"" section, fill in the following mandatory fields: 10-digit Mobile Number (to be verified via OTP), PAN No, User Name, Email ID (to be verified via OTP), Password, and Confirm Password. ﻿ In the "" Upload your Photograph "" section, upload your passport-sized photograph following the instructions given below: 1. The file size should fall between 5 KB to 20 KB. 2. The format should be JPEG. 3. The width should be 160 pixels. 4. The height should fall between 200 to 212 pixels. ﻿ In the ""Proof Of Identity"" section, upload ANY ONE of the following documents: PAN Card, Voter ID Card (POI), Passport (POI), Aadhaar Card (POI), Driving License (POI), Government / Semi-Government ID, Proof MNREGA Job Card, RSBY Card. The format should be JPEG/ PDF, and the file size should be between 75 KB to 256 KB. ﻿ In the ""Proof Of Address"" section, upload ANY ONE of the following documents: Ration Card Passport (POA), Aadhaar Card (POA), Driving License (POA), Voter ID Card (POA), Extracts of 7/12 and 8 A, Property Tax Receipt, Property Agreement Copy, Water Bill, Electricity Bill, Telephone Bill, Rent Receipt. ﻿ Step 3: At the bottom of the Registration Page, read the following declaration carefully: ""I declare that the above-mentioned information submitted by me is true and correct to my knowledge and belief. I hereby agree to be liable for legal consequences for any information found incorrect or false under section 200 of the Indian penal code 1960."" ﻿ Select the ""I accept"" checkbox, and click ""Register"". Your Login Credentials will be shared over your registered Email ID and Mobile Number. ﻿ Application: ﻿ Step 1: Visit the Official Portal of Aaple Sarkar (Maha DBT). On the right pane (green), click ""Already Registered? Login Here"". Provide your Username and Password. Fill in the Captcha Code, Select your District from the dropdown menu, and click ""Login"". ﻿ Step 2: On the next page, in the left pane, click ""All Schemes"". From the dropdown menu, select the Department Name, and the name of the scheme that you seek to apply for. Click ""Apply"" against the concerned scheme. ﻿ Step 3: Fill in all the mandatory fields and upload the mandatory documents, and click ""Apply"". A popup message acknowledging the successful submission of the application will be displayed, along with the Application ID: ""Dear [Username], you have successfully applied for [Scheme Name]. Your Application ID is [Application ID here]."" ﻿ The Application ID will also be shared over your registered Email ID and Mobile Number. Save this Application ID for future reference and for checking the application status. ﻿ Step 4: You can also view the status of your applications (Under Scrutiny / Approved / Rejected / Fund Disbursed) using the ""My Applied Scheme History"" in the left pane.","Aadhaar Card. 2-Passport Sized Photograph (Signed Across). Proof of Age. Income Certificate / BPL Card of the Family (if applicable) Residential Certificate / Domicile Certificate of the State of Maharashtra. Details of the Bank Account (Bank Name, Branch Name, Address, IFSC, etc). Any other document required by the District Social Welfare Office.",State,"Social welfare & Empowerment, Banking,Financial Services and Insurance",,"Pension, Financial Assistance, Destitute, Below Poverty Line, Senior Citizen"
Special Education And Vocational Training Through Government Institutions,sevtgi,"The ""Special Education and Vocational Training through Government Institutions"" is a scheme by the Department of Social Justice & Special Assistance, Govt. of Maharashtra. In this scheme, Special Education is provided to children with disability between the age group of 6 to 18 years in the Government Special Schools and Vocational Training is provided to special children above the age of 18 years. Only citizens who are permanent residents of the state of Maharashtra are eligible to apply for this scheme. This scheme is 100% funded by the Govt. of Maharashtra.","The child will have access to free education in an appropriate environment till he/she attains the age of eighteen years Special children above 18 years in age will be given vocational training. The free facilities of food, shelter, clothing and education are provided in these institutions.","The applicant should be a citizen of India. The applicant should be a permanent resident of Maharashtra State. The applicant should be a Person with Disability (Visually Impaired, Hearing Impaired, Orthopedically Handicapped, etc). The percentage of disability should be 40% and above. For Special Education, the age of the applicant should be between 6 to 18 years. For Vocational Education, the age of the applicant should be 18 years and above.","Step 1: Visit the District Social Welfare Office , and request a hard copy of the format of the application form for the scheme from the concerned authority. Step 2: In the application form, fill in all the mandatory fields, paste the passport-sized photograph (signed across), and attach all the (self-attested) mandatory documents. Step 3: Submit the duly filled and signed application form along with the documents to the Assistant Commissioner, District Social Welfare Office. Step 4: Acquire the receipt/acknowledgment of the successful submission of the application form from the District Social Welfare Office.","Proof of Enrollment into the Government Institution. Aadhaar Card. Proof of Age (Birth Certificate, Marksheet of Class 10th/12th, etc) 2-Passport Sized Photograph (Signed Across) Residential Certificate / Domicile Certificate of the State of Maharashtra. Disability Certificate. Details of the Bank Account (Bank Name, Branch Name, Address, IFSC, etc). Any other document required by the District Social Welfare Office.",State,"Education & Learning, Social welfare & Empowerment, Skills & Employment",,"Persons With Disability, Education, Student, Vocational Education"
State Post-metric Scholarship For Disabled,spmsd,"The ""State Post-metric Scholarship for Disabled"" is a scheme by the Department of Social Justice & Special Assistance, Govt. of Maharashtra. The objective of this scheme is to encourage students with disability (SwDs) to pursue higher education, i.e. H.S.C., Degree, Professional, Technical, Medical, Engineering, etc. Only citizens who are permanent residents of the state of Maharashtra are eligible to apply for this scheme. This scheme is 100% funded by the Govt. of Maharashtra.","A. Maintenance Allowance ﻿ Group A: Degree Course in Medical, Engineering, Agricultural, Veterinary, and Postgraduate Degree Courses. Rate of Scholarship for Hosteller (in ₹ per month): 1200/- Rate of Scholarship for Day Scholar (in ₹ per month): 550/- ﻿ Group B: Diploma course in Medical, Engineering, Agricultural, and Veterinary. Rate of Scholarship for Hosteller (in ₹ per month): 820/- Rate of Scholarship for Day Scholar (in ₹ per month): 530/- ﻿ Group C: Post Graduate Course in Arts, Science, Commerce, and Diploma in Professional Education. Rate of Scholarship for Hosteller (in ₹ per month): 820/- Rate of Scholarship for Day Scholar (in ₹ per month): 530/- ﻿ Group D: From 2nd-year degree course Rate of Scholarship for Hosteller (in ₹ per month): 570/- Rate of Scholarship for Day Scholar (in ₹ per month): 300/- ﻿ Group E: 11th, 10th and 1st year of Degree Course Rate of Scholarship for Hosteller (in ₹ per month): 380/- Rate of Scholarship for Day Scholar (in ₹ per month): 230/- ﻿ B. Reader Allowance for Blind and Low-Vision Students. ﻿ Group A, B, C (in ₹ per month): 100/- ﻿ Group D (in ₹ per month): 75/- ﻿ Group E (in ₹ per month): 50/- ﻿ C. Tuition Fees (in ₹ per month): As approved by the competent authority. ﻿ D. Study Tour Expenditure (in ₹ per annum): 500/- ﻿ E. Project Typing Expenditure (in ₹ per annum): 600/-","The applicant should be a citizen of India. The applicant should be a domicile / permanent resident of the state of Maharashtra. The applicant should be a student admitted/enrolled in a school recognized by the Govt. of Maharashtra. The applicant should be a Person with Disability (Visually Handicapped, Low Vision, Hearing Impaired, Orthopedically Handicapped, etc). The percentage of the disability should be 40% or above. The applicant should have passed class 10th. The applicant should not have failed in the last qualifying examination. The applicant should be pursuing a post-metric qualification, i.e. Higher Secondary School (Class 11th, Class 12th), or a Technical/Professional Degree in Medical, Engineering, etc.","Step 1: Request a hard copy of the format of the application form for the scheme from the concerned authority at your school/college. Step 2: In the application form, fill in all the mandatory fields, paste the passport-sized photograph (signed across), and attach all the (self-attested) mandatory documents. Step 3: Submit the duly filled and signed application form along with the documents to the concerned authority at your school/college. Step 4: Acquire the receipt/acknowledgment of the successful submission of the application form from the concerned authority at your school/college.","Aadhaar Card. 2-Passport Sized Photograph (Signed Across). Residential Certificate / Domicile Certificate of the State of Maharashtra. Disability Certificate. Details of the Bank Account (Bank Name, Branch Name, Address, IFSC, etc). Proof of the Latest Educational Qualification (Passing Certificate or Marksheet) Proof of Passing Class 10th. Bonafide Certificate from the School/College Proof of Pursuance of a Post-Matric Qualification (Fee Receipt, etc) Any other document required by the School/College or the District Social Welfare Office.",State,"Education & Learning, Social welfare & Empowerment",,"Persons With Disability, Social Welfare, Financial Assistance, Post-Matric, Student, Scholarship"
State Pre-metric Scholarship For Disabled,spremsd,"The ""State Pre-metric Scholarship for Disabled"" is a scheme by the Department of Social Justice & Special Assistance, Govt. of Maharashtra. The objective of this scheme is to encourage students with disability (SwDs) to pursue education. Only citizens who are permanent residents of the state of Maharashtra are eligible to apply for this scheme. This scheme is 100% funded by the Govt. of Maharashtra.",Class: 1st to 4th Rate of Scholarship (₹ per month): 100/- ﻿ Class: 5th to 7th Rate of Scholarship (₹ per month): 150/- ﻿ Class: 8th to 10th Rate of Scholarship (₹ per month): 200/- ﻿ Class: Mentally Retarded and Mentally Ill (up to the age of 18 years) Rate of Scholarship (₹ per month): 150/- ﻿ Class: For disabled trainees in the workshop Rate of Scholarship (₹ per month): 300/-,"The applicant should be a citizen of India. The applicant should be a domicile / permanent resident of the state of Maharashtra. The applicant should be a student admitted/enrolled in a school recognized by the Govt. of Maharashtra. The applicant should be a Person with Disability (Visually Handicapped, Low Vision, Hearing Impaired, Orthopedically Handicapped, etc). The percentage of the disability should be 40% or above. The applicant should not have failed in the last qualifying examination. The applicant should be pursuing a pre-metric qualification, i.e. Class 1st to Class 10th.","Step 1: Request a hard copy of the format of the application form for the scheme from the concerned authority at your school/college. Step 2: In the application form, fill in all the mandatory fields, paste the passport-sized photograph (signed across), and attach all the (self-attested) mandatory documents. Step 3: Submit the duly filled and signed application form along with the documents to the concerned authority at your school/college. Step 4: Acquire the receipt/acknowledgment of the successful submission of the application form from the concerned authority at your school/college.","Aadhaar Card. 2-Passport Sized Photograph (Signed Across). Residential Certificate / Domicile Certificate of the State of Maharashtra. Disability Certificate. Details of the Bank Account (Bank Name, Branch Name, Address, IFSC, etc). Proof of the Latest Educational Qualification (Passing Certificate or Marksheet). Bonafide Certificate from the School/College. Proof of Pursuance of a Pre-Matric Qualification (Fee Receipt, etc). Any other document required by the School/College or the District Social Welfare Office.",State,"Education & Learning, Social welfare & Empowerment",,"Persons With Disability, Student, Pre-Matric, School, Scholarship"
Stipends To Trainees In Industrial Training Institute,stiti,"The scheme “Stipends to Trainees in Industrial Training Institute” was launched by the Department of Social Justice and Special Assistance, Government of Maharashtra for Scheduled Caste students in Industrial Training Institute (ITI). The objective of the scheme is to provide Technical Training to Scheduled Caste students in ITI for their job opportunities. Under the scheme, the students of the SC category residing in the hostel of the organization Department of Technical Education gives ₹60/- per month and the Social Welfare department gives them ₹ 40/- per month.",₹60/- per month will be given to student residing in the hostel of the organization Department of Technical Education. ₹ 40/- per month will be given by the Social welfare department to student residing in the hostel of the organization Department of Technical Education. ₹100/- per month will be given by the social welfare department to those student who do not get anything from the organization's Department of Technical Education. ﻿,The applicant must be a permanent resident of Maharashtra. The student should belong to Scheduled Caste (SC) category. It is mandatory for the student should take training in a recognized Industrial Training Institute. The annual income of the applicant’s father should not be more than ₹ 65290/-.,"Step 01: The applicant wishing to apply for this scheme may apply through his/her respective Industrial Training Institute (ITI). Step 02: The applicant may contact his/her principal of the Institute. Step 03: Further, the applicant may contact his/her related District Social Welfare Officer, Zillah Parishad.",Identity proof i.e. Aadhar Card Caste certificate Father’s income certificate Bank details Educational certificate,State,"Skills & Employment, Social welfare & Empowerment, Education & Learning",,"Stipends, Trainees, ITI, Scheduled Caste, Students"
Swarnima,sma,"The scheme ""Swarnima by the Department of Social Justice & Special Assistance, Government of Maharashtra, is jointly funded by the National Backward Classes Finance & Development Corporation, New Delhi, and the State Corporation. This scheme provides low-interest loans directly deposited into the bank accounts of female beneficiaries from Other Backward Classes (OBC) to support self-employment activities and enhance financial independence. ﻿ ﻿ ﻿ ﻿ ﻿ ﻿ ﻿","Financial assistance of up to ₹5,00,000/- per Self-Help Group (SHG) project, with ₹25,000 allocated per beneficiary (up to 20 members per SHG). Funding shares include 95% from the Central Corporation and 5% from the State Corporation. No beneficiary contribution is required. Low interest rate of 5% per annum. Repayment period of up to 3 years to ease financial planning.","The applicant should be from the Other Backward Class (OBC) category. The applicant should be a domicile of Maharashtra. The age of the applicant should be between 18 to 50 years. The annual income of the family of the applicant should be - Rural areas: Less than or equal to ₹98,000. Urban areas: Less than or equal to ₹1,20,000.","Step 1: The interested applicant should visit (during office hours) the District Office of the Leather Industries Development Corporation of Maharashtra (LIDCOM), and request the hard copy of the prescribed format of the application form from the concerned authority. Step 2: In the application form, fill in all the mandatory fields, paste the passport-sized photograph (signed across, if required), and attach copies of all the mandatory documents (self-attest, if required). Step 3: Submit the duly filled and signed application form along with the documents, within the prescribed period (if any), to the concerned authority. Step 4: Request a receipt or acknowledgement from the concerned authority to whom the application has been submitted. Ensure that the receipt contains essential details such as the date and time of submission, and a unique identification number (if applicable). NOTE: Ensure that the application is submitted within the prescribed period, if any.","Aadhaar Card 2-Passport Sized Photograph (Signed Across). Residential Certificate / Domicile Certificate of the State of Maharashtra. Details of the Bank Account (Bank Name, Branch Name, Address, IFSC, etc). Proof of Age (Birth Certificate, Marksheet of Class 10th/12th, etc). Any other document required by the District Office.",State,"Banking,Financial Services and Insurance, Women and Child",,"Other Backward Class, Women, Employment, Loan, OBC"
Term Loan Scheme,tls,"The scheme ""Term Loan Scheme"" by the Department of Social Justice & Special Assistance, Government of Maharashtra and funded by the National Scheduled Castes Finance and Development Corporation (NSFDC), aims to uplift economically disadvantaged members of the Charmakar community (Dhor, Chambhar, Holar, Mochi, etc.). The scheme focuses on their educational, economic, and social advancement, helping them secure a respectable place in society. It also supports the production of various types of footwear and leather goods for supply to government departments and sale in the open market.","Loan Amount: NSFDC provides Term Loans ranging from ₹1,00,000 to ₹2,50,000 for various schemes, with separate limits for vehicle loans. ﻿ Project Financing: NSFDC finances 75% of the project cost. The corporation provides 20% as a Seed Loan. ₹10,000 is provided as a subsidy. The remaining 5% of the project cost is contributed by the beneficiary. ﻿ Interest Rates: For Loans up to ₹5,00,000: NSFDC charges 7% per annum. The corporation charges 4% per annum. For Loans above ₹5,00,000: NSFDC charges 8% per annum. The corporation charges 4% per annum. ﻿ Repayment Terms : Loan instalments are payable monthly over a period of up to 60 months. This structure ensures clear and concise information about the Term Loan Scheme for potential beneficiaries.","The applicant should be a permanent resident of Maharashtra. The applicant should belong to the Charmakar Community. The applicant's age should be between 18 and 50 years. For the 50% Subsidy Scheme and Margin Money, the applicant's annual income should be below the poverty line. The applicant should be able to provide an Income and Caste Certificate from an authorized government officer. The applicant should have knowledge of the business for which they are applying for the loan. For the NSFDC Scheme: Income should be below ₹98,000 for rural areas. Income should be below ₹1,20,000 for urban areas.","Step 1: The interested applicant should visit (during office hours) the District Office of the Leather Industries Development Corporation of Maharashtra (LIDCOM), and request the hard copy of the prescribed format of the application form from the concerned authority. Step 2: In the application form, fill in all the mandatory fields, paste the passport-sized photograph (signed across, if required), and attach copies of all the mandatory documents (self-attest, if required). Step 3: Submit the duly filled and signed application form along with the documents, within the prescribed period (if any), to the concerned authority. Step 4: Request a receipt or acknowledgement from the concerned authority to whom the application has been submitted. Ensure that the receipt contains essential details such as the date and time of submission, and a unique identification number (if applicable). NOTE: Ensure that the application is submitted within the prescribed period, if any.",Aadhaar Card. Caste Certificate Annual Income Certificate. Ration Card. Passport-size Photograph of the applicant and his/her spouse. Bank Passbook. Detailed Project Report. Loan Documents.,State,"Business & Entrepreneurship, Banking,Financial Services and Insurance",,"BPL, Loan, Below Poverty Line, Employment"
The Scheme Of State Award For Disabled,tssad,"The ""The Scheme of State Award for Disabled"" is a scheme by the Department of Social Justice & Special Assistance, Govt. of Maharashtra. In this scheme, every year, the State Government felicitates awards to the Best Disabled Employees / Employers / Placement Agencies who have done outstanding work in various fields. Only citizens who are permanent residents of the state of Maharashtra are eligible to apply for this scheme. This scheme is 100% funded by the Govt. of Maharashtra.","Category 1: Best Employees (Visually Handicapped, Hearing Handicapped, Orthopedically Handicapped, Mentally Retarded) No. of Awards: 12 Composition of Award: ₹10,000/- in Cash, a Citation, and a Certificate. ﻿ Category 2: Best Employer (Govt. / Public / Private Sector) No. of Awards: 2 Composition of Award: ₹25,000/- in Cash, a Citation, and a Certificate.","The applicant should be an Employee or an Employer or a Placement Agency. If the applicant is an Employee or an Employer: The applicant should be a Person with Disability (Visually Impaired, Hearing Impaired, Orthopedically Handicapped, etc). The percentage of disability should be 40% and above. The applicant should be a citizen of India. The applicant should be a permanent resident of the state of Maharashtra.","Step 1: Visit the District Social Welfare Office , and request a hard copy of the format of the application form for the scheme from the concerned authority. Step 2: In the application form, fill in all the mandatory fields, paste the passport-sized photograph (signed across), and attach all the (self-attested) mandatory documents. Step 3: Submit the duly filled and signed application form along with the documents to the Assistant Commissioner, District Social Welfare Office. Step 4: Acquire the receipt/acknowledgment of the successful submission of the application form from the District Social Welfare Office.","Aadhaar Card. Proof of Employment. Bio-Data. Proof of Outstanding Work in the respective field. Proof of Age (Birth Certificate, Marksheet of Class 10th/12th, etc). 2-Passport Sized Photograph (Signed Across). Residential Certificate / Domicile Certificate of the State of Maharashtra. Disability Certificate. Details of the Bank Account (Bank Name, Branch Name, Address, IFSC, etc). Any other document required by the District Social Welfare Office.",State,"Skills & Employment, Social welfare & Empowerment",,"Persons With Disability, Employment, Award, Placement"
"Training Of Motor Driving To VJNT, SBS & OBC",tmdvso,"The Government of Maharashtra launched a scheme that provides light and heavy motor driving, and conductor training to the needy Vimukta Jati, Nomadic Tribes, and Other Backward Class (VJNT, OBC & SBC) candidates. The scheme’s objective is to create employment chances for Vimukta Jati/Nomadic Tribes, Other Backward Classes, and Special Backward Class youth. The scheme provides light and heavy motor driving or conductor training to the needy VJNT, OBC & SBC candidates. The training is given through private motor driving schools. Under this scheme, the selected candidates are provided training with free lodging, boarding facility, License Fees, etc. Applicant should belong to VJNT, OBC, or SBC Category and Applicant should fulfill all the conditions of Age, Education, and fitness as per the Motor Vehicle Act. The government aims to provide training and Economic Uplifting with the help of employment to the youth.  Application is to be submitted to Motor Driving School approved by the Government of Maharashtra under the Social Justice and special assistance department. ﻿ Light Motor Driving Rs.4264/- for 40 Days. Heavy Motor Driving Rs.4960/- for 40 Days. Conductor Rs.1728/- for 8 Days. As per the corrigendum dated 15 March 2012 Rs.100/- per student is paid for sending the license by post as particular fee & postage charges. ﻿ ﻿","1)	If the trainee is not living at headquarters during the training period, the institution should pay Rs.300/-  for Driver and Rs.150/- for the Conductor trainee as a stipend. ﻿","Applicant should belong to VJNT, OBC or SBC Category. Applicant should fulfil all the conditions of Age, Education, and fitness as per the Motor Vehicle Act. During the training period payment for reaching & coming back from the training institute, Medical checkups, photographs, learning and permanent licence, travelling licence, batch and provision of lodging and boarding are provided by the training institution.","Step 1: Visit the Official Website of Mahadbt Portal. ﻿ ﻿ Step 2: Click on "" New Applicant Registration "". Register using your Name, Mobile Number, and Email ID. Create a Username and Password. Your Mobile Number and Email ID will be verified via OTP. ﻿ Note: The username should contain only alphabets and numbers. The username should be greater than 4 characters and less than 15 characters. ﻿ Note: Password Length should be a minimum of 8 characters and a maximum of 20 characters. Password must contain at least 1 UpperCase Alphabet, 1 Lowercase Alphabet, 1 Number, and 1 Special Character. ﻿ Step 3: Now visit to Login Page and log in using your Username and Password. You will be directed to Home Page. In the left pane, click ""Aadhaar Bank Link"" to link your Aadhaar with your Bank Account. ﻿ Step 4: In the left pane, click ""Profile"". Fill in all the mandatory details and upload the mandatory documents (Personal Details, Address Information, Other Information, Current Course, Past Qualification, and Hostel Details). Click ""Save"". ﻿ Step 5: In the left pane, click ""All Schemes"". A list of schemes will appear. Click on ""Training of Motor Driving To VJNT, SBC & OBCS. ﻿ Step 6: Fill in all the additional information and upload the mandatory documents. Click ""Submit"" to submit your application. A pop-up will appear, displaying your Application ID. Save the Application ID for future reference. Click ""OK"". ﻿ Optional: You can track the status of your application (Under Scrutiny / Approved / Rejected / Fund Disbursed) by clicking on ""My Applied Scheme History"" in the left pane.","Aadhaar Number. Proof of Identity. Proof of Age (Birth Certificate). Proof of Address. Domicile Certificate of Maharashtra. Caste Certificate VJNT or SBC Community (duly signed by an authorized Revenue Officer, not below the rank of Tehsildar). Marksheet of the Latest Educational Qualification. Bank Account Details. Passport-sized Photograph.",State,"Social welfare & Empowerment, Education & Learning",,"Motor Driving, Training, Maharashtra, School, Vimukta Jati And Nomadic Tribes, Other Backward Class, Special Backward Caste"
Tuition Fees And Examination Fees To Vjnt Students,tfefvs,"The Government of Maharashtra launched a scheme namely ""Tuition fees and examination fees to Vimukta Jati and Nomadic Tribes (VJNT) students. Scheme Objective Under the scheme, Tuition Fees, Admission Fees Term Fees Library Fees Laboratory Fees Gymkhana Fees, and Examination Fees All the students belonging to V.J. and N.T. are being reimbursed for the payment of these mentioned 7 fees at Post Matriculation Education in recognized educational institutions. Students with one failure and those not covered under the Government of India Scholarship are also held eligible for such reimbursement.","All types of compulsory fees such as Tuition fees, and Exams. Fees & other fees are reimbursed to the concerned college/institution.","He should belong to the Vimukta Jatis & Nomadic Tribes(VJNT) category. Reimbursement will be sanctioned to the students, whose parents' income is between ₹ 1,00,000 to ₹ 4,50,000.","﻿ Step 1: Visit the official website to register yourself by clicking on “ New Applicant registration ” and fill in all the mandatory details (Applicant’s Name, Username, Password, Email, and Mobile Number) ﻿ ﻿ ﻿ Step 2: Now, you may Login by filling Login details . ﻿ ﻿ Step 3: Create your profile by filling in all your updated personal details like address, qualifications, etc. Step 4: After filling in 100% of the profile information, you may apply for the eligible schemes. Scrutiny concerned college should forward his application to the concerned Asstt. Commissioner Social Welfare for sanction. ﻿ Note: Online application is to be filled out for the first year of that course only. From Ian year to the completion of the course, the application is renewed by the concerned college and forwarded to the concerned Asstt. Comm. Social Welfare for sanction.","Aadhaar Number. Domicile Certificate of Maharashtra. Caste Certificate VJNT or SBC Community (duly signed by an authorized Revenue Officer, not below the rank of Tehsildar). Family Income Certificate. Marksheet of the Latest Educational Qualification. Bank Account Details. Passport-sized Photograph.",State,Education & Learning,,"Tuition Fees, Vimukta Jati And Nomadic Tribes, Students, Examination Fees"
Tuition Fees And Examination Fees To Vjnt/sbc Students Studying In High Schools,tfefvssshs,"The Government of Maharashtra introduced Tuition fees and Examination fees to Vimukta Jati Nomadic Tribes (VJNT)/ Special Backward Classes (SBC) students studying in High Schools scheme to improve the interest of VJNT/SBC students in High Schools. To help and encourage the VJNT/SBC parents/ guardians for their children's education.  Govt. has introduced a scheme named Tuition Fee Exam. Fees to VJNT/SBC students studying in High Schools, irrespective of age and income vide Govt. Resolution No. EBC/1068/83567/J dated 24th December 1970 and G.R. No. EBC-1094/PK-91/ BCW-1 dated 29 October 1996.  Tuition fees, Examination fees, library fee, laboratory fee, and playground fee is being paid. ﻿","BPL students studying in Govt. approved aided, non-aided, permanent non-aided schools in 1st to 10th standard are being paid Rs.100/- to 200/- Education Fee as per Urban and Rural area. Tuition fees, Examination fees, Laboratory fees, Library fees, etc. fees are sanctioned and paid to concerned Govt. approved aided, non-aided, permanent non-aided schools. No other concessional benefit is admissible to such students.",He should be a student of a recognized High School. No limit on age or income. Students should belong to V.J.N.T. & S.B.C. category. Once failure is eligible. Twice failure is not eligible.,"The proposal will be submitted by Head Master of the concerned School through the concerned District Social Welfare Officer, Zillah Parishad. For Mumbai City, only proposals must be submitted to the Assistant Commissioner of Social Welfare, Mumbai City.","Aadhaar Number. Domicile Certificate of Maharashtra. Caste Certificate VJNT or SBC Community (duly signed by an authorized Revenue Officer, not below the rank of Tehsildar). Family Income Certificate. Marksheet of the Latest Educational Qualification. Bank Account Details. Passport-Sized Photograph.",State,Social welfare & Empowerment,,"Vimukta Jati Nomadic Tribes, Special Backward Class, Tuition Fees, Examination Fees, High School"
Vasantrao Naik Merit Awards To The Vjnt Students Who Came First In State Or First In Board Of 10th And 12th Standard Examination,vnmatv,Vasantrao Naik Merit Awards to the VJNT students who came First in State or First in the Board of 10th and 12th Standard Examination Scheme Announced by the Government Of Maharashtra to Scheme to motivate VJNT students for Higher Education.,"Award of ₹ 1,00,000 trophy and Certificate for one Boy and one Girl Student who came First in State in the Senior Secondary School (SSC) Exam. Award of ₹ 51,000 trophy and Certificate for one Boy and one Girl Student who came First in each Board in the Senior Secondary School (SSC) Exam. Award of ₹ 1,00,000 trophy and Certificate for one Boy and one Girl Student who came First in State in  Higher Secondary Schools (HSC) Exam. Award of ₹ 51,000 trophy and Certificate for one Boy and one Girl Student who came First in each Board in the  Higher Secondary Schools (HSC) Exam.","The students should belong to the VJNT category. The student should be First in State, or First in Board Examination of 10th or 12th.standard. First Boy and First Girl Students who stood first in state and board both are eligible for Award.","Step 1: Visit the official website ﻿ ﻿ ﻿ Step 2: Click on "" New Applicant Registration "". Register using your Name, Mobile Number, and Email ID. Create a Username and Password. Your Mobile Number and Email ID will be verified via OTP. Note: The username should contain only alphabets and numbers. The username should be greater than 4 characters and less than 15 characters. Note: Password Length should be a minimum of 8 characters and a maximum of 20 characters. Password must contain at least 1 UpperCase Alphabet, 1 Lowercase Alphabet, 1 Number, and 1 Special Character. Step 3: Now visit to Login Page and log in using your Username and Password. You will be directed to Home Page ﻿ . In the left pane, click ""Aadhaar Bank Link"" to link your Aadhaar with your Bank Account. Step 4: In the left pane, click ""Profile"". Fill in all the mandatory details and upload the mandatory documents (Personal Details, Address Information, Other Information, Qualifications). Click ""Save"". Step 5: In the left pane, click ""All Schemes"". A list of schemes will appear. Click on ""Savitribai Phule Scholarship"". Step 6: Fill in all the additional information and upload the mandatory documents. Click ""Submit"" to submit your application. A pop-up will appear, displaying your Application ID. Save the Application ID for future reference. Click ""OK"". Optional: You can track the status of your application (Under Scrutiny / Approved / Rejected / Fund Disbursed) by clicking on ""My Applied Scheme History"" in the left pane.","Aadhaar Number Domicile Certificate of Maharashtra Caste Certificate VJNT or SBC Community (duly signed by an authorized Revenue Officer, not below the rank of Tehsildar). Family Income Certificate Marksheet of 10th/12th Standard",State,"Education & Learning, Social welfare & Empowerment",,"Board Exams, Vimukta Jati And Nomadic Tribes, Senior Secondary School, Higher Secondary School"
Vasantrao Naik Tanda / Basti Development Scheme,vntbds,"The scheme ""Vasantrao Naik Tanda/Basti Development"" is implemented by the Department of Social Justice & Special Assistance, Government of Maharashtra. The scheme provides essential amenities to the Tandas and Bastis of Vimukta Jatis and Nomadic Tribes. The scheme focuses on improving access to drinking water, electrification, latrines, drainage systems, and approach roads for these communities.",Admissible Grant based on the Population of the VJNT Community - VJNT Population: 51 to 100; Admissible Grant: 4 Lakhs. VJNT Population: 101 to 150; Admissible Grant: 6 Lakhs. VJNT Population: Above 151; Admissible Grant: 10 Lakhs.,"The Tanda or Basti should have a population of at least 51 residents who belong to the Vimukta Jatis and Nomadic Tribes (VJNT) category. The area must be lacking basic infrastructure amenities like water, sanitation, or electrification. The Tanda or Basti must be located in Maharashtra.","Step 1: The representative of the gram panchayat should prepare a detailed proposal and submit it to the concerned Block Development Officer (B.D.O.). Step 2: Request a receipt or acknowledgement from the concerned authority to whom the application has been submitted. Ensure that the receipt contains essential details such as the date and time of submission, and a unique identification number (if applicable). NOTE: Ensure that the application is submitted within the prescribed period, if any. ﻿ Post Application Processes - Step 1: The Block Development Officer reviews the proposal for accuracy and completeness. Step 2: After scrutiny, the B.D.O. forwards the proposal to the District Social Welfare Officer at the Zillah Parishad. Step 3: The District Social Welfare Officer or Assistant Commissioner of Social Welfare presents the proposals to a committee chaired by a non-official member. Step 4: The committee evaluates the proposals and provides the final sanction based on eligibility and available resources.","Detailed Project Proposal Gram Panchayat Resolution Population Certificate:Certificate confirming that the Tanda/Basti has a minimum population of 50, issued by the local authority. Land Ownership or Authorization Certificate:Document verifying the ownership or authorization of land for proposed infrastructure, if applicable. Endorsement from Block Development Officer (B.D.O.) Aadhaar Cards of Gram Panchayat Members Maharashtra domicile certificate for verification of state residency of the residents. Bank Account Details ﻿",State,Social welfare & Empowerment,,"Development, Water, Electrification, Latrine, Toilet, Amenities"
Vocational Training For VJNT And SBC Candidates Studying In Government Industrial Training Institute,vtvscsgit,"The State Government of Maharashtra introduced in 2003-04 the scheme to create self-employment for unemployed youths and students of VJNT and SBC who apply for Vocational Training. He will be given Vocational Training in Government I.T.I and undergo short-duration vocational training courses. The short-duration vocational courses will enable the youths to create their own employment in the service sector. The training fees ₹ 400/- to ₹ 2400/- (as per course) are paid to the concerned I.T.I. After completion of training, one Tool Kit of ₹ 1000/- is provided to the trainee through the concerned Govt. I.T.I.","The training fees ₹ 400/- to ₹ 2400/- (as per course) are paid to the concerned I.T.I. After completion of training, one Tool Kit of ₹ 1000/- is provided to the trainee through the concerned Govt. I.T.I.",Students should belong to VJNT or SBC Category. The selection of students for training under this scheme is made by the Principal of the concerned Govt. I.T.I. & concerned Asstt. Commissioner of Social Welfare.,"Step 1: Visit the concerned Industrial Training Institute (ITI), and request a hard copy of the format of the application form for the scheme from the concerned authority. Step 2: In the application form, fill in all the mandatory fields, paste the passport-sized photograph (signed across), and attach all the (self-attested) mandatory documents. Step 3: Submit the duly filled and signed application form along with the documents to the concerned authority. Step 4: Acquire the receipt/acknowledgment of the successful submission of the application form.",Aadhar Card Caste certificate Income Certificate of Parents Domicile Certificate School Leaving Certificate Residence Proof,State,Social welfare & Empowerment,,"Vocational Training, Government Industrial Training, Vimukta Jati And Nomadic Tribes, Special Backward Classes"
Yashwantrao Chavan Mukta Vasahat Yojana for VJNTs,ycmvyfvjnts,"The scheme ""Yashwantrao Chavan Mukta Vasahat Yojana for VJNTs"" was launched by the Department of Social Justice & Special Assistance, Government of Maharashtra. The scheme aims to enhance the quality of life of the Vimukta Jati and Nomadic Tribe (VJNT) families by developing sustainable income sources and promoting economic stability. Each family will receive a plot of land measuring 5 gunthas (approximately 500 square meters or about 5,382 square feet). This plot of land will include the construction of a 269-square-foot home as part of the assistance provided under the scheme.","Each family is provided with a plot of land measuring 5 gunthas (approximately 500 square meters or about 5,382 square feet). This plot of land will include the construction of a 269-square-foot home, forming a cluster of 20 families. The project will also cover the essential amenities, including shelter, internal roads, drainage, water supply, electricity, and a community hall (Samaj Mandir) for social activities. The entire project aims to improve the living standards of VJNT (Vimukta Jati and Nomadic Tribes) families by offering them stable housing and related amenities. The benefit of this scheme is given every year to 3 villages amongst 34 districts (except Mumbai & B. Mumbai) to 20 families. *The land for the house shall be given under this scheme on the names of the husband and wife jointly.  However, in the case of widow and divorcee, land and house shall be given by their name. *The land allotted under this scheme is non-transferable, it will not be sold to anyone. The house or land should not be given on rent.","The family of the applicant should be residing in Maharashtra. The family of the applicant should belong to the original VJNT (Vimukta Jati and Nomadic Tribes) category. The family of the applicant should not be having their own house. The family of the applicant should be residing in a tent house or hut. The family of the applicant should be landless. The family of the applicant should be residing in one place for at least six months and, for the remaining months, should be wandering from village to village for livelihood. The annual income of the family of the applicant should be less than ₹1,00,000/-. The family of the applicant should not have availed of the benefits of any other housing scheme such as Gharkul etc. The benefit of this scheme will be given to one member only of the eligible family. *Priority shall be given to families living in tents, with no earning hand widows, divorcees, handicapped and flood-affected persons.","Step 1:  The interested applicant should visit the Office of the Assistant Commissioner of Social Welfare of their district and request a prescribed format of the application form from the concerned staff. Step 2:  In the application form, fill in all the mandatory fields, paste the passport-sized photograph (signed across, if required), and attach copies of all the mandatory documents (self-attest, if required). Step 3:  Submit the duly filled and signed application form along with the documents, to the concerned staff at the Office. ﻿ Implementation For implementation, a committee headed by the Collector of the concerned district level and a committee headed by the Sub Divisional Officer for the Tahasil level is constituted. Selection of land, selection of beneficiaries, building the houses on the land by making layout and making of infrastructure, to creating self-employment by giving benefits of various Government schemes are the main tasks of these Committees.","Identity Proof (Aadhaar Card, Voter Card, etc.) Passport-size Photograph VJNT Category Certificate ﻿ ﻿ Domicile Certificate / Address Proof Bank Account Details Income Certificate, issued by an authorized Government Officer A declaration, stating that the family is landless",State,"Social welfare & Empowerment, Housing & Shelter, Transport & Infrastructure",,"Vimukta Jati, Nomadic Tribe, Family, Financial Assistance, VJNT, Home, Construction, Shelter, Infrastructure"
